scenario,strategy,seed,rounds,test_macro_f1,test_accuracy,best_val_macro_f1,per_class_f1,elapsed_s
dir0.5,fedavg,42,50,0.3667559654691527,0.5673748951635449,0.35934459991692536,"{""Benign"": 0.5012, ""Bot"": 0.9073, ""Brute Force -Web"": 0.0, ""Brute Force -XSS"": 0.0, ""DDOS attack-HOIC"": 0.4577, ""DDOS attack-LOIC-UDP"": 0.8516, ""DDoS attacks-LOIC-HTTP"": 0.4323, ""DoS attacks-GoldenEye"": 0.5841, ""DoS attacks-Hulk"": 0.0, ""DoS attacks-SlowHTTPTest"": 0.0, ""DoS attacks-Slowloris"": 0.7292, ""FTP-BruteForce"": 0.0, ""Infilteration"": 0.1308, ""SQL Injection"": 0.0, ""SSH-Bruteforce"": 0.907}",256.72
dir0.5,fedprox,42,50,0.3623774590759635,0.5617836175566117,0.35361844860585123,"{""Benign"": 0.4988, ""Bot"": 0.9073, ""Brute Force -Web"": 0.0, ""Brute Force -XSS"": 0.0, ""DDOS attack-HOIC"": 0.4572, ""DDOS attack-LOIC-UDP"": 0.8496, ""DDoS attacks-LOIC-HTTP"": 0.4173, ""DoS attacks-GoldenEye"": 0.5527, ""DoS attacks-Hulk"": 0.0, ""DoS attacks-SlowHTTPTest"": 0.0, ""DoS attacks-Slowloris"": 0.7296, ""FTP-BruteForce"": 0.0, ""Infilteration"": 0.1357, ""SQL Injection"": 0.0, ""SSH-Bruteforce"": 0.8876}",272.5
dir0.5,scaffold,42,50,0.3089109505482231,0.49916130835896,0.31561154042808254,"{""Benign"": 0.1945, ""Bot"": 0.6275, ""Brute Force -Web"": 0.0, ""Brute Force -XSS"": 0.0, ""DDOS attack-HOIC"": 0.0, ""DDOS attack-LOIC-UDP"": 0.8993, ""DDoS attacks-LOIC-HTTP"": 0.2212, ""DoS attacks-GoldenEye"": 0.2505, ""DoS attacks-Hulk"": 0.4985, ""DoS attacks-SlowHTTPTest"": 0.0, ""DoS attacks-Slowloris"": 0.708, ""FTP-BruteForce"": 0.0, ""Infilteration"": 0.4418, ""SQL Injection"": 0.0, ""SSH-Bruteforce"": 0.7924}",265.5
dir0.5,raa,42,50,0.3618806051835908,0.5542353927872519,0.3575960550149468,"{""Benign"": 0.4366, ""Bot"": 0.9056, ""Brute Force -Web"": 0.0, ""Brute Force -XSS"": 0.0, ""DDOS attack-HOIC"": 0.4696, ""DDOS attack-LOIC-UDP"": 0.8248, ""DDoS attacks-LOIC-HTTP"": 0.4372, ""DoS attacks-GoldenEye"": 0.5272, ""DoS attacks-Hulk"": 0.0, ""DoS attacks-SlowHTTPTest"": 0.0, ""DoS attacks-Slowloris"": 0.7282, ""FTP-BruteForce"": 0.0, ""Infilteration"": 0.2259, ""SQL Injection"": 0.0, ""SSH-Bruteforce"": 0.873}",376.01
dir0.5,raa_noC,42,50,0.35799701361667624,0.549203242941012,0.3537032448269579,"{""Benign"": 0.4365, ""Bot"": 0.9085, ""Brute Force -Web"": 0.0, ""Brute Force -XSS"": 0.0, ""DDOS attack-HOIC"": 0.4651, ""DDOS attack-LOIC-UDP"": 0.8402, ""DDoS attacks-LOIC-HTTP"": 0.415, ""DoS attacks-GoldenEye"": 0.5012, ""DoS attacks-Hulk"": 0.0, ""DoS attacks-SlowHTTPTest"": 0.0, ""DoS attacks-Slowloris"": 0.7266, ""FTP-BruteForce"": 0.0, ""Infilteration"": 0.2149, ""SQL Injection"": 0.0, ""SSH-Bruteforce"": 0.8619}",392.01
dir0.5,fedavg,43,50,0.32972900381598796,0.5506010623427453,0.32804225282525307,"{""Benign"": 0.1826, ""Bot"": 0.6572, ""Brute Force -Web"": 0.0, ""Brute Force -XSS"": 0.0, ""DDOS attack-HOIC"": 0.6495, ""DDOS attack-LOIC-UDP"": 0.545, ""DDoS attacks-LOIC-HTTP"": 0.1327, ""DoS attacks-GoldenEye"": 0.1313, ""DoS attacks-Hulk"": 0.7579, ""DoS attacks-SlowHTTPTest"": 0.0, ""DoS attacks-Slowloris"": 0.7091, ""FTP-BruteForce"": 0.0, ""Infilteration"": 0.41, ""SQL Injection"": 0.0, ""SSH-Bruteforce"": 0.7705}",242.47
dir0.5,fedprox,43,50,0.3259578172158154,0.5466871680178921,0.36284879703512796,"{""Benign"": 0.1806, ""Bot"": 0.6532, ""Brute Force -Web"": 0.0, ""Brute Force -XSS"": 0.0, ""DDOS attack-HOIC"": 0.6391, ""DDOS attack-LOIC-UDP"": 0.5276, ""DDoS attacks-LOIC-HTTP"": 0.1271, ""DoS attacks-GoldenEye"": 0.1202, ""DoS attacks-Hulk"": 0.7554, ""DoS attacks-SlowHTTPTest"": 0.0, ""DoS attacks-Slowloris"": 0.7091, ""FTP-BruteForce"": 0.0, ""Infilteration"": 0.4109, ""SQL Injection"": 0.0, ""SSH-Bruteforce"": 0.7662}",251.78
dir0.5,scaffold,43,50,0.36138654931157693,0.5777187587363712,0.3666583378630726,"{""Benign"": 0.0105, ""Bot"": 0.8542, ""Brute Force -Web"": 0.0, ""Brute Force -XSS"": 0.0, ""DDOS attack-HOIC"": 0.0, ""DDOS attack-LOIC-UDP"": 0.8228, ""DDoS attacks-LOIC-HTTP"": 0.7661, ""DoS attacks-GoldenEye"": 0.3716, ""DoS attacks-Hulk"": 0.504, ""DoS attacks-SlowHTTPTest"": 0.0, ""DoS attacks-Slowloris"": 0.6642, ""FTP-BruteForce"": 0.0, ""Infilteration"": 0.485, ""SQL Injection"": 0.0, ""SSH-Bruteforce"": 0.9426}",245.09
dir0.5,raa,43,50,0.34839948086766503,0.5589879787531451,0.3586690787889273,"{""Benign"": 0.0053, ""Bot"": 0.6345, ""Brute Force -Web"": 0.0, ""Brute Force -XSS"": 0.0, ""DDOS attack-HOIC"": 0.6884, ""DDOS attack-LOIC-UDP"": 0.8161, ""DDoS attacks-LOIC-HTTP"": 0.3091, ""DoS attacks-GoldenEye"": 0.1274, ""DoS attacks-Hulk"": 0.7024, ""DoS attacks-SlowHTTPTest"": 0.0, ""DoS attacks-Slowloris"": 0.6979, ""FTP-BruteForce"": 0.0, ""Infilteration"": 0.4586, ""SQL Injection"": 0.0, ""SSH-Bruteforce"": 0.7863}",372.49
dir0.5,raa_noC,43,50,0.33890551089495363,0.5518590998043053,0.3403160723137312,"{""Benign"": 0.0053, ""Bot"": 0.6374, ""Brute Force -Web"": 0.0, ""Brute Force -XSS"": 0.0, ""DDOS attack-HOIC"": 0.6799, ""DDOS attack-LOIC-UDP"": 0.7705, ""DDoS attacks-LOIC-HTTP"": 0.238, ""DoS attacks-GoldenEye"": 0.1192, ""DoS attacks-Hulk"": 0.7038, ""DoS attacks-SlowHTTPTest"": 0.0, ""DoS attacks-Slowloris"": 0.7025, ""FTP-BruteForce"": 0.0, ""Infilteration"": 0.4493, ""SQL Injection"": 0.0, ""SSH-Bruteforce"": 0.7777}",380.18
dir0.5,fedavg,44,50,0.391387379883473,0.6209113782499301,0.3884379217123557,"{""Benign"": 0.3026, ""Bot"": 0.7148, ""Brute Force -Web"": 0.0, ""Brute Force -XSS"": 0.0, ""DDOS attack-HOIC"": 0.8432, ""DDOS attack-LOIC-UDP"": 0.8736, ""DDoS attacks-LOIC-HTTP"": 0.0, ""DoS attacks-GoldenEye"": 0.3318, ""DoS attacks-Hulk"": 0.747, ""DoS attacks-SlowHTTPTest"": 0.0, ""DoS attacks-Slowloris"": 0.7553, ""FTP-BruteForce"": 0.0, ""Infilteration"": 0.5166, ""SQL Injection"": 0.0, ""SSH-Bruteforce"": 0.7858}",250.25
dir0.5,fedprox,44,50,0.39035684821232547,0.6195135588481968,0.3859288042457584,"{""Benign"": 0.2984, ""Bot"": 0.7144, ""Brute Force -Web"": 0.0, ""Brute Force -XSS"": 0.0, ""DDOS attack-HOIC"": 0.8499, ""DDOS attack-LOIC-UDP"": 0.8736, ""DDoS attacks-LOIC-HTTP"": 0.0, ""DoS attacks-GoldenEye"": 0.3255, ""DoS attacks-Hulk"": 0.7415, ""DoS attacks-SlowHTTPTest"": 0.0, ""DoS attacks-Slowloris"": 0.7553, ""FTP-BruteForce"": 0.0, ""Infilteration"": 0.515, ""SQL Injection"": 0.0, ""SSH-Bruteforce"": 0.7817}",258.13
dir0.5,scaffold,44,50,0.34579179258098575,0.5588481968129717,0.3468648496538382,"{""Benign"": 0.0708, ""Bot"": 0.639, ""Brute Force -Web"": 0.0, ""Brute Force -XSS"": 0.0, ""DDOS attack-HOIC"": 0.676, ""DDOS attack-LOIC-UDP"": 0.8655, ""DDoS attacks-LOIC-HTTP"": 0.3276, ""DoS attacks-GoldenEye"": 0.0173, ""DoS attacks-Hulk"": 0.7321, ""DoS attacks-SlowHTTPTest"": 0.0, ""DoS attacks-Slowloris"": 0.6627, ""FTP-BruteForce"": 0.0, ""Infilteration"": 0.4791, ""SQL Injection"": 0.0, ""SSH-Bruteforce"": 0.7168}",245.15
dir0.5,raa,44,50,0.3746075334325966,0.5932345540956109,0.3697423887205899,"{""Benign"": 0.2726, ""Bot"": 0.7185, ""Brute Force -Web"": 0.0, ""Brute Force -XSS"": 0.0, ""DDOS attack-HOIC"": 0.6834, ""DDOS attack-LOIC-UDP"": 0.8634, ""DDoS attacks-LOIC-HTTP"": 0.0, ""DoS attacks-GoldenEye"": 0.2234, ""DoS attacks-Hulk"": 0.8474, ""DoS attacks-SlowHTTPTest"": 0.0, ""DoS attacks-Slowloris"": 0.7602, ""FTP-BruteForce"": 0.0, ""Infilteration"": 0.513, ""SQL Injection"": 0.0, ""SSH-Bruteforce"": 0.7371}",367.81
dir0.5,raa_noC,44,50,0.3726237158914898,0.5756220296337713,0.3711850193650414,"{""Benign"": 0.3205, ""Bot"": 0.7181, ""Brute Force -Web"": 0.0, ""Brute Force -XSS"": 0.0, ""DDOS attack-HOIC"": 0.5624, ""DDOS attack-LOIC-UDP"": 0.8716, ""DDoS attacks-LOIC-HTTP"": 0.0822, ""DoS attacks-GoldenEye"": 0.1799, ""DoS attacks-Hulk"": 0.8691, ""DoS attacks-SlowHTTPTest"": 0.0, ""DoS attacks-Slowloris"": 0.7602, ""FTP-BruteForce"": 0.0, ""Infilteration"": 0.4951, ""SQL Injection"": 0.0, ""SSH-Bruteforce"": 0.7302}",377.68
