model,seed,macro_f1,acc,recall
majority,42,0.35362997658079626,0.5471014492753623,1.0
ports_protocol_LR,42,0.9885529676972721,0.988677536231884,0.9988962472406181
payload_LR,42,0.987495119309852,0.9876207729468599,0.9942052980132451
all_HGB,42,0.9984764691768371,0.9984903381642513,0.9997240618101545
majority,43,0.35362997658079626,0.5471014492753623,1.0
ports_protocol_LR,43,0.987941690241384,0.9880736714975845,0.9986203090507726
payload_LR,43,0.9885536956206942,0.988677536231884,0.9986203090507726
all_HGB,43,0.9971045284419643,0.9971316425120773,0.9997240618101545
majority,44,0.35362997658079626,0.5471014492753623,1.0
ports_protocol_LR,44,0.9877886631268415,0.9879227053140096,0.9986203090507726
payload_LR,44,0.988251427576349,0.9883756038647343,0.9972406181015453
all_HGB,44,0.9974094674935998,0.997433574879227,0.9997240618101545
majority,45,0.35362997658079626,0.5471014492753623,1.0
ports_protocol_LR,45,0.9896236585891758,0.9897342995169082,0.9988962472406181
payload_LR,45,0.9861213565780841,0.986262077294686,0.9933774834437086
all_HGB,45,0.9975617800183749,0.9975845410628019,1.0
majority,46,0.35362997658079626,0.5471014492753623,1.0
ports_protocol_LR,46,0.9896236585891758,0.9897342995169082,0.9988962472406181
payload_LR,46,0.9859614204441791,0.9861111111111112,0.9955849889624724
all_HGB,46,0.9971043573674325,0.9971316425120773,1.0
