scenario,strategy,seed,test_macro_f1,test_accuracy,attack_recall,attack_precision,elapsed_s
5gad,fedavg,42,0.9034256801905812,0.9038345410628019,0.885485651214128,0.9352958321189158,542.67
5gad,fedprox,42,0.9060339111490007,0.9064009661835749,0.885485651214128,0.9399531341534857,582.8
5gad,scaffold,42,0.6722553009610599,0.6935386473429952,0.8667218543046358,0.6700085324232082,556.17
5gad,fltrust,42,0.7710555360641246,0.7919685990338164,1.0,0.7245101959216314,603.55
5gad,fedavg,43,0.9418392255518855,0.9421799516908212,0.9310154525386314,0.9620758483033932,557.76
5gad,raa,42,0.5333265528461095,0.5821256038647343,0.23647902869757173,0.9988344988344988,680.64
5gad,fedprox,43,0.9465722970827095,0.9468599033816425,0.9323951434878587,0.9693057946069994,604.17
5gad,scaffold,43,0.5955758993445649,0.6259057971014492,0.3217439293598234,0.9831365935919055,582.05
5gad,fltrust,43,0.8179687603327646,0.8306159420289855,1.0,0.7635903919089759,619.89
5gad,raa,43,0.8882805327023131,0.8882850241545893,0.8060154525386314,0.9874915483434753,676.55
5gad,fedavg,44,0.9287028964448318,0.9293478260869565,0.9362582781456954,0.9347107438016529,618.31
5gad,fedprox,44,0.9328786972954898,0.9334239130434783,0.9354304635761589,0.9424520433694745,626.59
5gad,scaffold,44,0.949483583536462,0.9497282608695652,0.9315673289183223,0.9754406240970818,581.28
5gad,fltrust,44,0.7505258436609447,0.7758152173913043,1.0,0.7093364650616559,632.8
5gad,raa,44,0.871609347999688,0.8716787439613527,0.7753863134657837,0.9873506676036542,729.61
5gad,fedavg,45,0.9162086233882687,0.9165157004830918,0.8929359823399559,0.9514848573948839,623.31
5gad,scaffold,45,0.6584962929790517,0.6621376811594203,0.5107615894039735,0.7992227979274611,628.71
5gad,fedprox,45,0.9172798037790465,0.917572463768116,0.8929359823399559,0.9534472598703595,642.42
5gad,fltrust,45,0.7357684660136976,0.7644927536231884,1.0,0.6990740740740741,634.75
5gad,raa,45,0.7410548501191163,0.7465277777777778,0.54939293598234,0.9774177712322042,692.66
5gad,fedavg,46,0.9313507483851804,0.9323671497584541,0.9633002207505519,0.9172359432475039,553.89
5gad,fedprox,46,0.9361457406024276,0.9370471014492754,0.9649558498896247,0.9234222339582783,572.93
5gad,scaffold,46,0.34305281043022273,0.4666364734299517,0.030077262693156734,0.8582677165354331,558.55
5gad,fltrust,46,0.3117206982543641,0.4528985507246377,0.0,0.0,595.75
5gad,raa,46,0.8905435273752292,0.8905495169082126,0.8071192052980133,0.9911894273127754,667.24
5gad,raa_noD,42,0.9157136715224998,0.9180253623188406,0.9903421633554084,0.8760068342689773,680.15
5gad,raa_gamma1,42,0.9127002889414237,0.9127415458937198,0.8540286975717439,0.9844147582697201,686.0
5gad,raa_noD,43,0.9088131091338789,0.9118357487922706,0.9997240618101545,0.8613884926295768,653.01
5gad,raa_gamma1,43,0.9499522307926758,0.9501811594202898,0.9301876379690949,0.9776682134570766,663.34
5gad,raa_noD,44,0.9134821629092145,0.916213768115942,0.9997240618101545,0.8673689250658367,665.31
5gad,raa_gamma1,44,0.9267036783047353,0.9269323671497585,0.8981788079470199,0.9658753709198813,649.11
5gad,raa_noD,45,0.9162014499355376,0.918780193236715,1.0,0.8707352234502643,655.1
5gad,raa_gamma1,45,0.9308786958294126,0.9310084541062802,0.8904525386313465,0.9817462731974445,667.3
5gad,raa_noD,46,0.8743760069470088,0.8801328502415459,1.0,0.8202806699864192,653.3
5gad,raa_gamma1,46,0.9364070555537111,0.9367451690821256,0.9227373068432672,0.960091874820557,643.24
