scenario,tag,seed,round,v
dir0.5,fedavg,42,5,0.043338401353990155
dir0.5,fedavg,42,10,0.09361840094247358
dir0.5,fedavg,42,15,0.1363911589015603
dir0.5,fedavg,42,20,0.23584030015860022
dir0.5,fedavg,42,25,0.2527081084460046
dir0.5,fedavg,42,30,0.26888193152157325
dir0.5,fedavg,42,35,0.27632604640190017
dir0.5,fedavg,42,40,0.2890482699890495
dir0.5,fedavg,42,45,0.3167304482640396
dir0.5,fedavg,42,50,0.3446633969415427
dir0.5,fedavg,42,55,0.34897672999030327
dir0.5,fedavg,42,60,0.37156812488473906
dir0.5,fedavg,42,65,0.3772369978730485
dir0.5,fedavg,42,70,0.4122865234616574
dir0.5,fedavg,42,75,0.40729289197971014
dir0.5,fedavg,42,80,0.41913059247232276
dir0.5,fedavg,42,85,0.42358665790393946
dir0.5,fedavg,42,90,0.42754462833166057
dir0.5,fedavg,42,95,0.4428578571321912
dir0.5,fedavg,42,100,0.4515321036482558
dir0.5,fedprox,42,5,0.04292969493631606
dir0.5,fedprox,42,10,0.09354610771826428
dir0.5,fedprox,42,15,0.13557288585223434
dir0.5,fedprox,42,20,0.23074105396230854
dir0.5,fedprox,42,25,0.24998921666707066
dir0.5,fedprox,42,30,0.2657107238615174
dir0.5,fedprox,42,35,0.2761805067361055
dir0.5,fedprox,42,40,0.2866441690816753
dir0.5,fedprox,42,45,0.31218999870729947
dir0.5,fedprox,42,50,0.3380314773808811
dir0.5,fedprox,42,55,0.3451026948291105
dir0.5,fedprox,42,60,0.36895021689519486
dir0.5,fedprox,42,65,0.37587436482971565
dir0.5,fedprox,42,70,0.4101136755982289
dir0.5,fedprox,42,75,0.378837910960297
dir0.5,fedprox,42,80,0.41847688140737865
dir0.5,fedprox,42,85,0.4225282481715068
dir0.5,fedprox,42,90,0.4274015157098536
dir0.5,fedprox,42,95,0.44179062691428655
dir0.5,fedprox,42,100,0.45162504004961534
dir0.5,scaffold,42,5,0.06542906825928517
dir0.5,scaffold,42,10,0.07703084649772969
dir0.5,scaffold,42,15,0.0798541981837435
dir0.5,scaffold,42,20,0.15706732914382124
dir0.5,scaffold,42,25,0.19897859712193064
dir0.5,scaffold,42,30,0.2244437154468253
dir0.5,scaffold,42,35,0.23827186530426972
dir0.5,scaffold,42,40,0.24889286183392195
dir0.5,scaffold,42,45,0.29194272955498896
dir0.5,scaffold,42,50,0.3090016951081538
dir0.5,scaffold,42,55,0.3632469516473957
dir0.5,scaffold,42,60,0.3694978893343645
dir0.5,scaffold,42,65,0.41550599226465307
dir0.5,scaffold,42,70,0.4187474994605068
dir0.5,scaffold,42,75,0.4406909901695681
dir0.5,scaffold,42,80,0.4692037986270632
dir0.5,scaffold,42,85,0.49230139377212995
dir0.5,scaffold,42,90,0.5034796564900069
dir0.5,scaffold,42,95,0.4354282960967569
dir0.5,scaffold,42,100,0.4404554805827939
dir0.5,fltrust,42,5,0.027380743924014773
dir0.5,fltrust,42,10,0.021821589443941514
dir0.5,fltrust,42,15,0.02342712463158662
dir0.5,fltrust,42,20,0.0802038897057995
dir0.5,fltrust,42,25,0.09148377313609783
dir0.5,fltrust,42,30,0.09408802490376811
dir0.5,fltrust,42,35,0.09274152851856603
dir0.5,fltrust,42,40,0.09037250636463481
dir0.5,fltrust,42,45,0.07725057081439099
dir0.5,fltrust,42,50,0.08505052063566822
dir0.5,fltrust,42,55,0.0913620659150782
dir0.5,fltrust,42,60,0.10532746833583945
dir0.5,fltrust,42,65,0.12190253669201338
dir0.5,fltrust,42,70,0.123537446112548
dir0.5,fltrust,42,75,0.12850681065944367
dir0.5,fltrust,42,80,0.1270726336557321
dir0.5,fltrust,42,85,0.11869990793605224
dir0.5,fltrust,42,90,0.12060938439191594
dir0.5,fltrust,42,95,0.18376894045763623
dir0.5,fltrust,42,100,0.1866234686848887
dir0.5,fedavg,43,5,0.05625563728742859
dir0.5,fedavg,43,10,0.10698819453771104
dir0.5,fedavg,43,15,0.19505742936407416
dir0.5,fedavg,43,20,0.20517573753536594
dir0.5,fedavg,43,25,0.20698950057780968
dir0.5,fedavg,43,30,0.20958205227910506
dir0.5,fedavg,43,35,0.20772781748468477
dir0.5,fedavg,43,40,0.22317571265556788
dir0.5,fedavg,43,45,0.23055074961650285
dir0.5,fedavg,43,50,0.29387216109026176
dir0.5,fedavg,43,55,0.3295583864312274
dir0.5,fedavg,43,60,0.40247372697229833
dir0.5,fedavg,43,65,0.4268612295727474
dir0.5,fedavg,43,70,0.49648054356665017
dir0.5,fedavg,43,75,0.49628956482185854
dir0.5,fedavg,43,80,0.48623598210982616
dir0.5,fedavg,43,85,0.5130857074590921
dir0.5,fedavg,43,90,0.5043556701010012
dir0.5,fedavg,43,95,0.5173702085623418
dir0.5,fedavg,43,100,0.5215555734290991
dir0.5,raa,42,5,0.04186924652177398
dir0.5,raa,42,10,0.0829090203596301
dir0.5,raa,42,15,0.09060757923851609
dir0.5,raa,42,20,0.17461201953423033
dir0.5,raa,42,25,0.2480204221770621
dir0.5,raa,42,30,0.26417036861417403
dir0.5,raa,42,35,0.2739237528205135
dir0.5,raa,42,40,0.28453937445467403
dir0.5,raa,42,45,0.3074256674741586
dir0.5,raa,42,50,0.3302595385688167
dir0.5,raa,42,55,0.3387775356352653
dir0.5,raa,42,60,0.3673107957955793
dir0.5,raa,42,65,0.37262114264549984
dir0.5,raa,42,70,0.4053613133760481
dir0.5,raa,42,75,0.4062872061267988
dir0.5,raa,42,80,0.4084291235151067
dir0.5,raa,42,85,0.4170288255120756
dir0.5,raa,42,90,0.42196130415421584
dir0.5,raa,42,95,0.4137112610572266
dir0.5,raa,42,100,0.42070773488832847
dir0.5,fedprox,43,5,0.05637705679486807
dir0.5,fedprox,43,10,0.10940030854329127
dir0.5,fedprox,43,15,0.1326611270792831
dir0.5,fedprox,43,20,0.20263726111891986
dir0.5,fedprox,43,25,0.20747754585880793
dir0.5,fedprox,43,30,0.2101922720695513
dir0.5,fedprox,43,35,0.2062672293872333
dir0.5,fedprox,43,40,0.22134463011509492
dir0.5,fedprox,43,45,0.22843916435776132
dir0.5,fedprox,43,50,0.28757790338029704
dir0.5,fedprox,43,55,0.32261484512011157
dir0.5,fedprox,43,60,0.3839428318032765
dir0.5,fedprox,43,65,0.41782813730707585
dir0.5,fedprox,43,70,0.4921377430015517
dir0.5,fedprox,43,75,0.490043474587605
dir0.5,fedprox,43,80,0.4838817225192659
dir0.5,fedprox,43,85,0.5113780009311552
dir0.5,fedprox,43,90,0.5059600201227422
dir0.5,fedprox,43,95,0.5154214237538197
dir0.5,fedprox,43,100,0.5212718081345854
dir0.5,scaffold,43,5,0.040301258630544574
dir0.5,scaffold,43,10,0.08904444442423325
dir0.5,scaffold,43,15,0.08327334503985911
dir0.5,scaffold,43,20,0.1435344018433432
dir0.5,scaffold,43,25,0.22365099110931133
dir0.5,scaffold,43,30,0.23338152425046516
dir0.5,scaffold,43,35,0.23804727896331693
dir0.5,scaffold,43,40,0.2491495666669484
dir0.5,scaffold,43,45,0.28455633302940486
dir0.5,scaffold,43,50,0.31637268186850775
dir0.5,scaffold,43,55,0.33770256940702903
dir0.5,scaffold,43,60,0.35128426159964105
dir0.5,scaffold,43,65,0.3512334462738305
dir0.5,scaffold,43,70,0.37212894980348044
dir0.5,scaffold,43,75,0.380327321445474
dir0.5,scaffold,43,80,0.3816608548822652
dir0.5,scaffold,43,85,0.4257020638901687
dir0.5,scaffold,43,90,0.4369201320749981
dir0.5,scaffold,43,95,0.4552182650194971
dir0.5,scaffold,43,100,0.45157758418059174
dir0.5,fltrust,43,5,0.012625174293319812
dir0.5,fltrust,43,10,0.08456705098153541
dir0.5,fltrust,43,15,0.09389615387456592
dir0.5,fltrust,43,20,0.053490767383834716
dir0.5,fltrust,43,25,0.0914299872264935
dir0.5,fltrust,43,30,0.09723863046405522
dir0.5,fltrust,43,35,0.10307948770679612
dir0.5,fltrust,43,40,0.11241128522977495
dir0.5,fltrust,43,45,0.09072925487814416
dir0.5,fltrust,43,50,0.09592203755175463
dir0.5,fltrust,43,55,0.09461296786742057
dir0.5,fltrust,43,60,0.09375666561915064
dir0.5,fltrust,43,65,0.09322712523782047
dir0.5,fltrust,43,70,0.09263840950126108
dir0.5,fltrust,43,75,0.09472077838487784
dir0.5,fltrust,43,80,0.15985266559845465
dir0.5,fltrust,43,85,0.18765858557363627
dir0.5,fltrust,43,90,0.18129801296926687
dir0.5,fltrust,43,95,0.17871838065281678
dir0.5,fltrust,43,100,0.18519735601893636
dir0.5,raa,43,5,0.049622621708155054
dir0.5,raa,43,10,0.07612734387997143
dir0.5,raa,43,15,0.13731432390207068
dir0.5,raa,43,20,0.14653198364611786
dir0.5,raa,43,25,0.2014702408299214
dir0.5,raa,43,30,0.2289606678527227
dir0.5,raa,43,35,0.24536312654314044
dir0.5,raa,43,40,0.2722780087041955
dir0.5,raa,43,45,0.28875081105666794
dir0.5,raa,43,50,0.34649900003456163
dir0.5,raa,43,55,0.3621381384577875
dir0.5,raa,43,60,0.3674047289878494
dir0.5,raa,43,65,0.37639327098183195
dir0.5,raa,43,70,0.41305068854533483
dir0.5,raa,43,75,0.41807586473491715
dir0.5,raa,43,80,0.4177429905731189
dir0.5,raa,43,85,0.4353933736295486
dir0.5,raa,43,90,0.48331079852753783
dir0.5,raa,43,95,0.4861909157833521
dir0.5,raa,43,100,0.48870886210484876
dir0.5,fedavg,44,5,0.048381264074206766
dir0.5,fedavg,44,10,0.10519681197974812
dir0.5,fedavg,44,15,0.11050709219655395
dir0.5,fedavg,44,20,0.2946771237490715
dir0.5,fedavg,44,25,0.2693225155873159
dir0.5,fedavg,44,30,0.2765979815781318
dir0.5,fedavg,44,35,0.3303245194593904
dir0.5,fedavg,44,40,0.3742191448078616
dir0.5,fedavg,44,45,0.3891692906620524
dir0.5,fedavg,44,50,0.4347379696266024
dir0.5,fedavg,44,55,0.37060758430005847
dir0.5,fedavg,44,60,0.38935281756977885
dir0.5,fedavg,44,65,0.3850009837255612
dir0.5,fedavg,44,70,0.4483878784375958
dir0.5,fedavg,44,75,0.46566850852756597
dir0.5,fedavg,44,80,0.39038249522100427
dir0.5,fedavg,44,85,0.3978934709203468
dir0.5,fedavg,44,90,0.4899849127384171
dir0.5,fedavg,44,95,0.47638945252367004
dir0.5,fedavg,44,100,0.5016880021319979
dir0.5,fedprox,44,5,0.04850880946395457
dir0.5,fedprox,44,10,0.10454882489916943
dir0.5,fedprox,44,15,0.10969667546151163
dir0.5,fedprox,44,20,0.2949251676471467
dir0.5,fedprox,44,25,0.2702984693902936
dir0.5,fedprox,44,30,0.27395826484312935
dir0.5,fedprox,44,35,0.2926588773463017
dir0.5,fedprox,44,40,0.3710000172715501
dir0.5,fedprox,44,45,0.39014319682484977
dir0.5,fedprox,44,50,0.43343561092197186
dir0.5,fedprox,44,55,0.43968540030124453
dir0.5,fedprox,44,60,0.38781632072555944
dir0.5,fedprox,44,65,0.39020098353775123
dir0.5,fedprox,44,70,0.4672229147902563
dir0.5,fedprox,44,75,0.4639011162148222
dir0.5,fedprox,44,80,0.3898633362265503
dir0.5,fedprox,44,85,0.4004987536645053
dir0.5,fedprox,44,90,0.4864580399952731
dir0.5,fedprox,44,95,0.47350483948153355
dir0.5,fedprox,44,100,0.5013454790011528
dir0.5,scaffold,44,5,0.04246669553398129
dir0.5,scaffold,44,10,0.16919868211631126
dir0.5,scaffold,44,15,0.14224504077172131
dir0.5,scaffold,44,20,0.1442450978458613
dir0.5,scaffold,44,25,0.19996075150445872
dir0.5,scaffold,44,30,0.2829667252948834
dir0.5,scaffold,44,35,0.2882316190222047
dir0.5,scaffold,44,40,0.28623924631087583
dir0.5,scaffold,44,45,0.29924374706747564
dir0.5,scaffold,44,50,0.36128675091153106
dir0.5,scaffold,44,55,0.3702738359883008
dir0.5,scaffold,44,60,0.3800556414959155
dir0.5,scaffold,44,65,0.39401008016743505
dir0.5,scaffold,44,70,0.40540486987755353
dir0.5,scaffold,44,75,0.44233953793823627
dir0.5,scaffold,44,80,0.45851251639562196
dir0.5,scaffold,44,85,0.3956986872547107
dir0.5,scaffold,44,90,0.47272631665334336
dir0.5,scaffold,44,95,0.4856000960763874
dir0.5,scaffold,44,100,0.49889323200633234
dir0.5,fltrust,44,5,0.06102269182653276
dir0.5,fltrust,44,10,0.050976123208162444
dir0.5,fltrust,44,15,0.0682819523781508
dir0.5,fltrust,44,20,0.0982329077789392
dir0.5,fltrust,44,25,0.08633247962960673
dir0.5,fltrust,44,30,0.08775946000294402
dir0.5,fltrust,44,35,0.08540395004531627
dir0.5,fltrust,44,40,0.08479435651227137
dir0.5,fltrust,44,45,0.08621866030763098
dir0.5,fltrust,44,50,0.12615542314097794
dir0.5,fltrust,44,55,0.16502049907635014
dir0.5,fltrust,44,60,0.18832096345130087
dir0.5,fltrust,44,65,0.1878030764700359
dir0.5,fltrust,44,70,0.18785098106699896
dir0.5,fltrust,44,75,0.18985319336791245
dir0.5,fltrust,44,80,0.19427642810601023
dir0.5,fltrust,44,85,0.22978585200514814
dir0.5,fltrust,44,90,0.24005355453367092
dir0.5,fltrust,44,95,0.250366393145244
dir0.5,fltrust,44,100,0.2507081203213657
dir0.5,raa,44,5,0.04656288856264857
dir0.5,raa,44,10,0.11216886070162939
dir0.5,raa,44,15,0.21352723668785728
dir0.5,raa,44,20,0.25315005089803655
dir0.5,raa,44,25,0.2655175123797379
dir0.5,raa,44,30,0.2837670751481661
dir0.5,raa,44,35,0.34085492661438543
dir0.5,raa,44,40,0.35423552538161746
dir0.5,raa,44,45,0.3645600081270674
dir0.5,raa,44,50,0.4273227100114628
dir0.5,raa,44,55,0.3585940858791751
dir0.5,raa,44,60,0.365689802986825
dir0.5,raa,44,65,0.372804343307407
dir0.5,raa,44,70,0.3799313679828923
dir0.5,raa,44,75,0.4470196660766628
dir0.5,raa,44,80,0.3774975621656819
dir0.5,raa,44,85,0.39678260721004427
dir0.5,raa,44,90,0.46775813649067666
dir0.5,raa,44,95,0.4735291034871808
dir0.5,raa,44,100,0.4920413830301437
dir0.5,fedavg,45,5,0.05238121233744866
dir0.5,fedavg,45,10,0.12809410026691334
dir0.5,fedavg,45,15,0.10844487665615835
dir0.5,fedavg,45,20,0.13671541123025424
dir0.5,fedavg,45,25,0.15751060201774342
dir0.5,fedavg,45,30,0.25478782245401915
dir0.5,fedavg,45,35,0.2798787974322276
dir0.5,fedavg,45,40,0.2850911245801432
dir0.5,fedavg,45,45,0.29842230382097074
dir0.5,fedavg,45,50,0.31698964736227
dir0.5,fedavg,45,55,0.326678149272336
dir0.5,fedavg,45,60,0.3382795220778045
dir0.5,fedavg,45,65,0.3459515212876523
dir0.5,fedavg,45,70,0.3867269153532682
dir0.5,fedavg,45,75,0.39592003304452544
dir0.5,fedavg,45,80,0.4046491106533798
dir0.5,fedavg,45,85,0.4092848446443579
dir0.5,fedavg,45,90,0.41474675538313394
dir0.5,fedavg,45,95,0.4919754049013034
dir0.5,fedavg,45,100,0.4160712301495212
dir0.5,fedprox,45,5,0.05264742626825887
dir0.5,fedprox,45,10,0.12988757724209907
dir0.5,fedprox,45,15,0.10970332313965647
dir0.5,fedprox,45,20,0.13541270672270506
dir0.5,fedprox,45,25,0.15013782990639385
dir0.5,fedprox,45,30,0.25595325620682724
dir0.5,fedprox,45,35,0.27978938589944746
dir0.5,fedprox,45,40,0.2827252805392361
dir0.5,fedprox,45,45,0.29298631693204485
dir0.5,fedprox,45,50,0.3145442456052947
dir0.5,fedprox,45,55,0.32253723142499086
dir0.5,fedprox,45,60,0.33609023158000645
dir0.5,fedprox,45,65,0.34203815657570424
dir0.5,fedprox,45,70,0.3841676600275068
dir0.5,fedprox,45,75,0.39445323650461706
dir0.5,fedprox,45,80,0.4011208583629654
dir0.5,fedprox,45,85,0.40620762928357357
dir0.5,fedprox,45,90,0.4135393796084004
dir0.5,fedprox,45,95,0.4909231451658042
dir0.5,fedprox,45,100,0.41493875541468955
dir0.5,scaffold,45,5,0.04671028632372967
dir0.5,scaffold,45,10,0.09484423324061099
dir0.5,scaffold,45,15,0.10403502063552945
dir0.5,scaffold,45,20,0.11769771624814022
dir0.5,scaffold,45,25,0.2696221372844441
dir0.5,scaffold,45,30,0.2871289600045109
dir0.5,scaffold,45,35,0.2954569753357916
dir0.5,scaffold,45,40,0.2837475007822148
dir0.5,scaffold,45,45,0.2869180229895106
dir0.5,scaffold,45,50,0.293427994355528
dir0.5,scaffold,45,55,0.2985430941823766
dir0.5,scaffold,45,60,0.38394161936110155
dir0.5,scaffold,45,65,0.41642952766700375
dir0.5,scaffold,45,70,0.4578381402640971
dir0.5,scaffold,45,75,0.46850655297141136
dir0.5,scaffold,45,80,0.46887962324309174
dir0.5,scaffold,45,85,0.47214731549349426
dir0.5,scaffold,45,90,0.4775389071488958
dir0.5,scaffold,45,95,0.47900150546952414
dir0.5,scaffold,45,100,0.48596667658231263
dir0.5,fltrust,45,5,0.03206437727805546
dir0.5,fltrust,45,10,0.05375401962959017
dir0.5,fltrust,45,15,0.04599190356250611
dir0.5,fltrust,45,20,0.05383958105392371
dir0.5,fltrust,45,25,0.05380100292137453
dir0.5,fltrust,45,30,0.11503644286464057
dir0.5,fltrust,45,35,0.09233796124922589
dir0.5,fltrust,45,40,0.08882299938648083
dir0.5,fltrust,45,45,0.09521024356123639
dir0.5,fltrust,45,50,0.09787031673578564
dir0.5,fltrust,45,55,0.16607804045524002
dir0.5,fltrust,45,60,0.16774347400209114
dir0.5,fltrust,45,65,0.2163030767003332
dir0.5,fltrust,45,70,0.2298112024105002
dir0.5,fltrust,45,75,0.2145674926404583
dir0.5,fltrust,45,80,0.20749654943822538
dir0.5,fltrust,45,85,0.1997389745542762
dir0.5,fltrust,45,90,0.20169508897952895
dir0.5,fltrust,45,95,0.19898061484587065
dir0.5,fltrust,45,100,0.20651488579202168
dir0.5,raa,45,5,0.0791302011926374
dir0.5,raa,45,10,0.1445119671763804
dir0.5,raa,45,15,0.14265350658984988
dir0.5,raa,45,20,0.1727042352672244
dir0.5,raa,45,25,0.22933443456990926
dir0.5,raa,45,30,0.2614039864766363
dir0.5,raa,45,35,0.32173008237160156
dir0.5,raa,45,40,0.3457267281337785
dir0.5,raa,45,45,0.2819521514168401
dir0.5,raa,45,50,0.3016005529095747
dir0.5,raa,45,55,0.31845974650584835
dir0.5,raa,45,60,0.4231074887010162
dir0.5,raa,45,65,0.450827846795203
dir0.5,raa,45,70,0.4549914310525792
dir0.5,raa,45,75,0.4602970913910333
dir0.5,raa,45,80,0.4631320914235421
dir0.5,raa,45,85,0.47122137392022695
dir0.5,raa,45,90,0.4819145360289522
dir0.5,raa,45,95,0.4991011452587666
dir0.5,raa,45,100,0.5055819650674545
dir0.5,fedavg,46,5,0.037858830857163794
dir0.5,fedavg,46,10,0.0763735304954714
dir0.5,fedavg,46,15,0.13271521359111393
dir0.5,fedavg,46,20,0.2117230546188428
dir0.5,fedavg,46,25,0.2790893349495438
dir0.5,fedavg,46,30,0.278190675161245
dir0.5,fedavg,46,35,0.28724609274694407
dir0.5,fedavg,46,40,0.30247431929050933
dir0.5,fedavg,46,45,0.3508855219002713
dir0.5,fedavg,46,50,0.3591137513855042
dir0.5,fedavg,46,55,0.38957526438595547
dir0.5,fedavg,46,60,0.45444913343689264
dir0.5,fedavg,46,65,0.4421752725855412
dir0.5,fedavg,46,70,0.45618839876534073
dir0.5,fedavg,46,75,0.4602308519966561
dir0.5,fedavg,46,80,0.4729171818656288
dir0.5,fedavg,46,85,0.4733769567156891
dir0.5,fedavg,46,90,0.4877857306661432
dir0.5,fedavg,46,95,0.4897971071578995
dir0.5,fedavg,46,100,0.4974574071052145
dir0.5,fedprox,46,5,0.03751037725651708
dir0.5,fedprox,46,10,0.07479424151231431
dir0.5,fedprox,46,15,0.13156918616358937
dir0.5,fedprox,46,20,0.2084178292122448
dir0.5,fedprox,46,25,0.2789409275105668
dir0.5,fedprox,46,30,0.27751577903537966
dir0.5,fedprox,46,35,0.2857495374305205
dir0.5,fedprox,46,40,0.30059065788867456
dir0.5,fedprox,46,45,0.3492251554292323
dir0.5,fedprox,46,50,0.3573744608506848
dir0.5,fedprox,46,55,0.37955393032739243
dir0.5,fedprox,46,60,0.4512670680036784
dir0.5,fedprox,46,65,0.4382572705231412
dir0.5,fedprox,46,70,0.45446417924240495
dir0.5,fedprox,46,75,0.45538568762678594
dir0.5,fedprox,46,80,0.4676818738921158
dir0.5,fedprox,46,85,0.4706421030995991
dir0.5,fedprox,46,90,0.4866699994167868
dir0.5,fedprox,46,95,0.4888931005373486
dir0.5,fedprox,46,100,0.4938195243674886
dir0.5,scaffold,46,5,0.12576969189247433
dir0.5,scaffold,46,10,0.11573877007746645
dir0.5,scaffold,46,15,0.12541596984203152
dir0.5,scaffold,46,20,0.21408874594077051
dir0.5,scaffold,46,25,0.22913923293507502
dir0.5,scaffold,46,30,0.3156079973704799
dir0.5,scaffold,46,35,0.3188612692887963
dir0.5,scaffold,46,40,0.3505614832626408
dir0.5,scaffold,46,45,0.3199855827961702
dir0.5,scaffold,46,50,0.3175492383564942
dir0.5,scaffold,46,55,0.3584344583813401
dir0.5,scaffold,46,60,0.3730455827983744
dir0.5,scaffold,46,65,0.3771635552402784
dir0.5,scaffold,46,70,0.38983845199940165
dir0.5,scaffold,46,75,0.3761216897190376
dir0.5,scaffold,46,80,0.4699429941175938
dir0.5,scaffold,46,85,0.4747683140574322
dir0.5,scaffold,46,90,0.4618426407072828
dir0.5,scaffold,46,95,0.5095392376338098
dir0.5,scaffold,46,100,0.5056748918941342
dir0.5,fltrust,46,5,0.05892287805818097
dir0.5,fltrust,46,10,0.12938630235559287
dir0.5,fltrust,46,15,0.0779407925681634
dir0.5,fltrust,46,20,0.08217210578385907
dir0.5,fltrust,46,25,0.08652797877221845
dir0.5,fltrust,46,30,0.1326559288865683
dir0.5,fltrust,46,35,0.1321012650393423
dir0.5,fltrust,46,40,0.14736028440985088
dir0.5,fltrust,46,45,0.15765884448518344
dir0.5,fltrust,46,50,0.2228164637962236
dir0.5,fltrust,46,55,0.2551982732866945
dir0.5,fltrust,46,60,0.27043751457051746
dir0.5,fltrust,46,65,0.2716154192143147
dir0.5,fltrust,46,70,0.27034767485505373
dir0.5,fltrust,46,75,0.26807477700946597
dir0.5,fltrust,46,80,0.2724026929256212
dir0.5,fltrust,46,85,0.27396955949474766
dir0.5,fltrust,46,90,0.2773192596974717
dir0.5,fltrust,46,95,0.28165165428571554
dir0.5,fltrust,46,100,0.2833629958993189
dir0.5,raa,46,5,0.03724657518855094
dir0.5,raa,46,10,0.1022608207167425
dir0.5,raa,46,15,0.2131649407676737
dir0.5,raa,46,20,0.25563449342323985
dir0.5,raa,46,25,0.26985780455057873
dir0.5,raa,46,30,0.27356006512348896
dir0.5,raa,46,35,0.2808412537393697
dir0.5,raa,46,40,0.29275392636766534
dir0.5,raa,46,45,0.29839965029115684
dir0.5,raa,46,50,0.29713934205319936
dir0.5,raa,46,55,0.33490295366095907
dir0.5,raa,46,60,0.3708756945190427
dir0.5,raa,46,65,0.4199273168037916
dir0.5,raa,46,70,0.4348017085081724
dir0.5,raa,46,75,0.4435629678679003
dir0.5,raa,46,80,0.45899160015602497
dir0.5,raa,46,85,0.4692203904272008
dir0.5,raa,46,90,0.4797520675347131
dir0.5,raa,46,95,0.48257359042424103
dir0.5,raa,46,100,0.4893612116221747
temporal,fedavg,42,5,0.03946204981632929
temporal,fedavg,42,10,0.02971903598555371
temporal,fedavg,42,15,0.03085257705316097
temporal,fedavg,42,20,0.036684140093214565
temporal,fedavg,42,25,0.03744792512169179
temporal,fedavg,42,30,0.03802820471426153
temporal,fedavg,42,35,0.03735376255377244
temporal,fedavg,42,40,0.037656449104229155
temporal,fedavg,42,45,0.037378017132432974
temporal,fedavg,42,50,0.03747864311731873
temporal,fedavg,42,55,0.03739145583098239
temporal,fedavg,42,60,0.041037044439372845
temporal,fedavg,42,65,0.040287771021943274
temporal,fedavg,42,70,0.040501159530190685
temporal,fedavg,42,75,0.04043003327143714
temporal,fedavg,42,80,0.04048673994180252
temporal,fedavg,42,85,0.04049384297586831
temporal,fedavg,42,90,0.0404571362769658
temporal,fedavg,42,95,0.04214347880144225
temporal,fedavg,42,100,0.04221577770137894
temporal,fedprox,42,5,0.039533416956310616
temporal,fedprox,42,10,0.029459965103892313
temporal,fedprox,42,15,0.030499591266732518
temporal,fedprox,42,20,0.036281684790335514
temporal,fedprox,42,25,0.037384452813267514
temporal,fedprox,42,30,0.03793901423499388
temporal,fedprox,42,35,0.0376442556369661
temporal,fedprox,42,40,0.0376732309183388
temporal,fedprox,42,45,0.03766838386163427
temporal,fedprox,42,50,0.03737639157417125
temporal,fedprox,42,55,0.03736409979213682
temporal,fedprox,42,60,0.03854733785844792
temporal,fedprox,42,65,0.04001694452508738
temporal,fedprox,42,70,0.040257076838584975
temporal,fedprox,42,75,0.0403670976474109
temporal,fedprox,42,80,0.04045391967481661
temporal,fedprox,42,85,0.04039280615244334
temporal,fedprox,42,90,0.04039016460069091
temporal,fedprox,42,95,0.04062651804587289
temporal,fedprox,42,100,0.04215352946408636
temporal,scaffold,42,5,0.012653422750854106
temporal,scaffold,42,10,0.012653422750854106
temporal,scaffold,42,15,0.012653422750854106
temporal,scaffold,42,20,0.012655024044545686
temporal,scaffold,42,25,0.012506380806533945
temporal,scaffold,42,30,0.014032959318069783
temporal,scaffold,42,35,0.015188645354189049
temporal,scaffold,42,40,0.01526042867335047
temporal,scaffold,42,45,0.017800665959049687
temporal,scaffold,42,50,0.020134415157840112
temporal,scaffold,42,55,0.03226483903725579
temporal,scaffold,42,60,0.04255278761369928
temporal,scaffold,42,65,0.03215627407411668
temporal,scaffold,42,70,0.05478645114857953
temporal,scaffold,42,75,0.05021016113212273
temporal,scaffold,42,80,0.05327117663730317
temporal,scaffold,42,85,0.03650420112456958
temporal,scaffold,42,90,0.06696774711035497
temporal,scaffold,42,95,0.08499972009289089
temporal,scaffold,42,100,0.08378323546609923
temporal,fltrust,42,5,0.05430558308158782
temporal,fltrust,42,10,0.06420702960331492
temporal,fltrust,42,15,0.06439589545059808
temporal,fltrust,42,20,0.06034828545939657
temporal,fltrust,42,25,0.04056909631498624
temporal,fltrust,42,30,0.03554223522629071
temporal,fltrust,42,35,0.028810879731034016
temporal,fltrust,42,40,0.025503604786338403
temporal,fltrust,42,45,0.023667543365611575
temporal,fltrust,42,50,0.01464985152170552
temporal,fltrust,42,55,0.014153603057100807
temporal,fltrust,42,60,0.016543952570893004
temporal,fltrust,42,65,0.014937177056614995
temporal,fltrust,42,70,0.024058025420720917
temporal,fltrust,42,75,0.023876513945622527
temporal,fltrust,42,80,0.017124953513093674
temporal,fltrust,42,85,0.027061356127177496
temporal,fltrust,42,90,0.033225032933179376
temporal,fltrust,42,95,0.030556437358497057
temporal,fltrust,42,100,0.03006712646236067
temporal,raa,42,5,0.027323890391009343
temporal,raa,42,10,0.012653422750854106
temporal,raa,42,15,0.012653422750854106
temporal,raa,42,20,0.013544435481752165
temporal,raa,42,25,0.023695925593391575
temporal,raa,42,30,0.0351503926286535
temporal,raa,42,35,0.03167282312992154
temporal,raa,42,40,0.03229979801408373
temporal,raa,42,45,0.03511790744126157
temporal,raa,42,50,0.0360282861368586
temporal,raa,42,55,0.036684520528732674
temporal,raa,42,60,0.035812855667429574
temporal,raa,42,65,0.03658571689343836
temporal,raa,42,70,0.0360756131414118
temporal,raa,42,75,0.036700536178417724
temporal,raa,42,80,0.03664362156098215
temporal,raa,42,85,0.03774386870500383
temporal,raa,42,90,0.03792994641505039
temporal,raa,42,95,0.037888572344983655
temporal,raa,42,100,0.08606511327525031
temporal,fedavg,43,5,0.03823564614355616
temporal,fedavg,43,10,0.033770453937328825
temporal,fedavg,43,15,0.03191226427307695
temporal,fedavg,43,20,0.03669324731880955
temporal,fedavg,43,25,0.037763104578865135
temporal,fedavg,43,30,0.03975543879233469
temporal,fedavg,43,35,0.04029677619490777
temporal,fedavg,43,40,0.04029183321498212
temporal,fedavg,43,45,0.03981000365720253
temporal,fedavg,43,50,0.038667376417933316
temporal,fedavg,43,55,0.038424836439887616
temporal,fedavg,43,60,0.03986929018867096
temporal,fedavg,43,65,0.039247303924254615
temporal,fedavg,43,70,0.042299988025795855
temporal,fedavg,43,75,0.04175343060026943
temporal,fedavg,43,80,0.04185054959477217
temporal,fedavg,43,85,0.04344751459353944
temporal,fedavg,43,90,0.05172084456311243
temporal,fedavg,43,95,0.08791044678802212
temporal,fedavg,43,100,0.09034380192123947
temporal,fedprox,43,5,0.03827042217538481
temporal,fedprox,43,10,0.03351950558820326
temporal,fedprox,43,15,0.03374896884320071
temporal,fedprox,43,20,0.036410675172002326
temporal,fedprox,43,25,0.037318260168481825
temporal,fedprox,43,30,0.039642054036309694
temporal,fedprox,43,35,0.03988378638789458
temporal,fedprox,43,40,0.040401980827639024
temporal,fedprox,43,45,0.03985471637797158
temporal,fedprox,43,50,0.03848872212213159
temporal,fedprox,43,55,0.038144009417300825
temporal,fedprox,43,60,0.039750110983131214
temporal,fedprox,43,65,0.03938689073477263
temporal,fedprox,43,70,0.039649463385626395
temporal,fedprox,43,75,0.04234446508636938
temporal,fedprox,43,80,0.04244326708620418
temporal,fedprox,43,85,0.043426004714608855
temporal,fedprox,43,90,0.043729238205460624
temporal,fedprox,43,95,0.08767773072528064
temporal,fedprox,43,100,0.090154467152911
temporal,scaffold,43,5,0.012653422750854106
temporal,scaffold,43,10,0.021513647019276647
temporal,scaffold,43,15,0.021934519163011302
temporal,scaffold,43,20,0.022112554182399713
temporal,scaffold,43,25,0.01559795333423671
temporal,scaffold,43,30,0.017559981410266327
temporal,scaffold,43,35,0.01828206096223288
temporal,scaffold,43,40,0.018480724550328058
temporal,scaffold,43,45,0.025521365200300797
temporal,scaffold,43,50,0.04339893428174551
temporal,scaffold,43,55,0.06717685705947923
temporal,scaffold,43,60,0.08511543912180475
temporal,scaffold,43,65,0.10134874350427933
temporal,scaffold,43,70,0.09566210583171812
temporal,scaffold,43,75,0.10399147572336424
temporal,scaffold,43,80,0.099080402472939
temporal,scaffold,43,85,0.06188135712103014
temporal,scaffold,43,90,0.10016260192310042
temporal,scaffold,43,95,0.14536881342128305
temporal,scaffold,43,100,0.15440881377349516
temporal,fltrust,43,5,0.02865714656933962
temporal,fltrust,43,10,0.01728839219007875
temporal,fltrust,43,15,0.01727290985357307
temporal,fltrust,43,20,0.026157382369685737
temporal,fltrust,43,25,0.043977912712255
temporal,fltrust,43,30,0.03726014712673401
temporal,fltrust,43,35,0.02686817713159906
temporal,fltrust,43,40,0.02581435572211012
temporal,fltrust,43,45,0.022846815600003897
temporal,fltrust,43,50,0.02160109579839713
temporal,fltrust,43,55,0.024191206127374253
temporal,fltrust,43,60,0.012020176113533386
temporal,fltrust,43,65,0.02746041959597404
temporal,fltrust,43,70,0.022948349281326948
temporal,fltrust,43,75,0.03411262287036273
temporal,fltrust,43,80,0.026579471149851652
temporal,fltrust,43,85,0.01684874596742799
temporal,fltrust,43,90,0.02167163177993503
temporal,fltrust,43,95,0.029099446290143962
temporal,fltrust,43,100,0.02628829092298097
temporal,raa,43,5,0.026448900469248304
temporal,raa,43,10,0.012653422750854106
temporal,raa,43,15,0.012653422750854106
temporal,raa,43,20,0.014214142345226034
temporal,raa,43,25,0.017620294320740904
temporal,raa,43,30,0.026713575783492396
temporal,raa,43,35,0.03680876017667098
temporal,raa,43,40,0.034488832428926496
temporal,raa,43,45,0.036486755736885916
temporal,raa,43,50,0.0358434466671683
temporal,raa,43,55,0.03207224219609651
temporal,raa,43,60,0.03550681516347496
temporal,raa,43,65,0.03410642814369051
temporal,raa,43,70,0.035893475908834786
temporal,raa,43,75,0.03810518501789498
temporal,raa,43,80,0.055349467153467224
temporal,raa,43,85,0.06627365213236285
temporal,raa,43,90,0.0628293212977716
temporal,raa,43,95,0.07502347900627783
temporal,raa,43,100,0.07550600019677622
temporal,fedavg,44,5,0.0635065905036105
temporal,fedavg,44,10,0.024751645093849074
temporal,fedavg,44,15,0.022289693551262243
temporal,fedavg,44,20,0.03339591285159824
temporal,fedavg,44,25,0.03832473777361023
temporal,fedavg,44,30,0.03873757696338947
temporal,fedavg,44,35,0.03918078140796406
temporal,fedavg,44,40,0.03775969322743604
temporal,fedavg,44,45,0.037604972434631755
temporal,fedavg,44,50,0.037938542335759155
temporal,fedavg,44,55,0.037493104816458386
temporal,fedavg,44,60,0.037976060527141024
temporal,fedavg,44,65,0.041332931828281114
temporal,fedavg,44,70,0.041348324554025935
temporal,fedavg,44,75,0.04116612682415819
temporal,fedavg,44,80,0.04119926093070058
temporal,fedavg,44,85,0.04148050852964936
temporal,fedavg,44,90,0.045182899477821455
temporal,fedavg,44,95,0.04363138001996884
temporal,fedavg,44,100,0.044730633722914075
temporal,fedprox,44,5,0.05956096607175586
temporal,fedprox,44,10,0.024052417510449734
temporal,fedprox,44,15,0.022123984060182313
temporal,fedprox,44,20,0.03248437914522295
temporal,fedprox,44,25,0.03814525065389972
temporal,fedprox,44,30,0.03862263720001306
temporal,fedprox,44,35,0.039325112555872455
temporal,fedprox,44,40,0.03784252151405062
temporal,fedprox,44,45,0.03760167263126613
temporal,fedprox,44,50,0.03751665541818917
temporal,fedprox,44,55,0.03737129394948372
temporal,fedprox,44,60,0.037828659314477237
temporal,fedprox,44,65,0.04090073620220337
temporal,fedprox,44,70,0.04104692954064755
temporal,fedprox,44,75,0.04101042927061049
temporal,fedprox,44,80,0.04108114668386316
temporal,fedprox,44,85,0.041304186503179546
temporal,fedprox,44,90,0.045284572229813795
temporal,fedprox,44,95,0.04235072706189258
temporal,fedprox,44,100,0.04521483099396522
temporal,scaffold,44,5,0.012653422750854106
temporal,scaffold,44,10,0.012653422750854106
temporal,scaffold,44,15,0.012653422750854106
temporal,scaffold,44,20,0.012653422750854106
temporal,scaffold,44,25,0.012653422750854106
temporal,scaffold,44,30,0.012076433121019109
temporal,scaffold,44,35,0.01212745855879069
temporal,scaffold,44,40,0.017458854665107104
temporal,scaffold,44,45,0.028162571108615902
temporal,scaffold,44,50,0.05267710835829464
temporal,scaffold,44,55,0.06217940394893926
temporal,scaffold,44,60,0.07728124669750823
temporal,scaffold,44,65,0.08484245530928548
temporal,scaffold,44,70,0.0892316335985791
temporal,scaffold,44,75,0.11417800485598059
temporal,scaffold,44,80,0.12807987521264036
temporal,scaffold,44,85,0.13792633950459757
temporal,scaffold,44,90,0.13520439369915715
temporal,scaffold,44,95,0.15201797463806668
temporal,scaffold,44,100,0.13362543642163535
temporal,fltrust,44,5,0.019163558685711846
temporal,fltrust,44,10,0.06340598555434439
temporal,fltrust,44,15,0.057801119270191444
temporal,fltrust,44,20,0.060301730702082425
temporal,fltrust,44,25,0.1004899822511572
temporal,fltrust,44,30,0.033922798905225135
temporal,fltrust,44,35,0.035036287025676946
temporal,fltrust,44,40,0.03591191681388629
temporal,fltrust,44,45,0.011829625797551303
temporal,fltrust,44,50,0.012091877892412856
temporal,fltrust,44,55,0.012088798336092364
temporal,fltrust,44,60,0.012577023719085001
temporal,fltrust,44,65,0.012090337918152488
temporal,fltrust,44,70,0.012088798336092364
temporal,fltrust,44,75,0.022915226514689722
temporal,fltrust,44,80,0.01834061630329807
temporal,fltrust,44,85,0.012178828365878726
temporal,fltrust,44,90,0.02560572863046692
temporal,fltrust,44,95,0.013418259023354565
temporal,fltrust,44,100,0.031485191315951636
temporal,raa,44,5,0.023080548483370995
temporal,raa,44,10,0.012653422750854106
temporal,raa,44,15,0.012653422750854106
temporal,raa,44,20,0.01242393509127789
temporal,raa,44,25,0.012262898736887178
temporal,raa,44,30,0.012263906856403623
temporal,raa,44,35,0.015012087698549574
temporal,raa,44,40,0.02959952949417902
temporal,raa,44,45,0.029532220315181774
temporal,raa,44,50,0.03716409945125007
temporal,raa,44,55,0.03818763496476943
temporal,raa,44,60,0.041349777985599225
temporal,raa,44,65,0.04253724427788226
temporal,raa,44,70,0.04438690191493508
temporal,raa,44,75,0.044255357992432375
temporal,raa,44,80,0.03915888909162265
temporal,raa,44,85,0.038793289539596806
temporal,raa,44,90,0.03847394733978708
temporal,raa,44,95,0.037860180024051344
temporal,raa,44,100,0.04151079137203097
temporal,fedavg,45,5,0.09442443432388914
temporal,fedavg,45,10,0.023651080716899756
temporal,fedavg,45,15,0.031953551532861266
temporal,fedavg,45,20,0.0354022588182296
temporal,fedavg,45,25,0.03818078871767745
temporal,fedavg,45,30,0.03770433523043375
temporal,fedavg,45,35,0.037716357882244346
temporal,fedavg,45,40,0.03759823392343915
temporal,fedavg,45,45,0.03748446953733874
temporal,fedavg,45,50,0.03740775411941966
temporal,fedavg,45,55,0.03778283821888177
temporal,fedavg,45,60,0.037563552552804066
temporal,fedavg,45,65,0.04185325992780538
temporal,fedavg,45,70,0.04187939057644059
temporal,fedavg,45,75,0.0418715246291512
temporal,fedavg,45,80,0.041717732324087715
temporal,fedavg,45,85,0.043318890830280635
temporal,fedavg,45,90,0.04335764791828353
temporal,fedavg,45,95,0.0436814612610791
temporal,fedavg,45,100,0.04352942364642024
temporal,fedprox,45,5,0.09304204660130642
temporal,fedprox,45,10,0.022992892136600062
temporal,fedprox,45,15,0.031008465804550907
temporal,fedprox,45,20,0.03500485710331215
temporal,fedprox,45,25,0.03749760745294548
temporal,fedprox,45,30,0.03779561279209845
temporal,fedprox,45,35,0.03780553705991542
temporal,fedprox,45,40,0.037427199009637764
temporal,fedprox,45,45,0.03743286418553226
temporal,fedprox,45,50,0.037413159823323903
temporal,fedprox,45,55,0.03784934236146296
temporal,fedprox,45,60,0.03755488748004951
temporal,fedprox,45,65,0.03813932839916914
temporal,fedprox,45,70,0.04213879856800341
temporal,fedprox,45,75,0.04199234791355234
temporal,fedprox,45,80,0.041825966268484546
temporal,fedprox,45,85,0.04336569359455518
temporal,fedprox,45,90,0.043441211657075575
temporal,fedprox,45,95,0.04355211305883951
temporal,fedprox,45,100,0.04343808643712969
temporal,scaffold,45,5,0.012653422750854106
temporal,scaffold,45,10,0.012653422750854106
temporal,scaffold,45,15,0.012592311263029074
temporal,scaffold,45,20,0.014814028170946071
temporal,scaffold,45,25,0.017179287183014706
temporal,scaffold,45,30,0.019364063577639472
temporal,scaffold,45,35,0.02060836307528969
temporal,scaffold,45,40,0.021781963145280633
temporal,scaffold,45,45,0.023272709588134485
temporal,scaffold,45,50,0.031033295644685703
temporal,scaffold,45,55,0.040312813417460444
temporal,scaffold,45,60,0.06521053377453037
temporal,scaffold,45,65,0.07945378977466541
temporal,scaffold,45,70,0.09071113679362704
temporal,scaffold,45,75,0.08987095404900264
temporal,scaffold,45,80,0.1140097032789289
temporal,scaffold,45,85,0.09112717793250513
temporal,scaffold,45,90,0.11708828023970828
temporal,scaffold,45,95,0.10466458309707066
temporal,scaffold,45,100,0.12026255083880567
temporal,fltrust,45,5,0.028587467372563787
temporal,fltrust,45,10,0.023925955952755994
temporal,fltrust,45,15,0.04521932236681021
temporal,fltrust,45,20,0.08305635415979405
temporal,fltrust,45,25,0.03936010187397434
temporal,fltrust,45,30,0.029481534880478645
temporal,fltrust,45,35,0.021520163384744925
temporal,fltrust,45,40,0.018117403707001014
temporal,fltrust,45,45,0.01635401854343542
temporal,fltrust,45,50,0.012033142128744423
temporal,fltrust,45,55,0.02204628286980263
temporal,fltrust,45,60,0.015437959090362245
temporal,fltrust,45,65,0.033752786546459704
temporal,fltrust,45,70,0.02251137191378095
temporal,fltrust,45,75,0.01806998937336312
temporal,fltrust,45,80,0.0226617513946462
temporal,fltrust,45,85,0.02281355222971199
temporal,fltrust,45,90,0.023284465680584104
temporal,fltrust,45,95,0.033409163191429295
temporal,fltrust,45,100,0.025614353152660325
temporal,raa,45,5,0.02087690357780644
temporal,raa,45,10,0.012653422750854106
temporal,raa,45,15,0.012653422750854106
temporal,raa,45,20,0.018887317945087845
temporal,raa,45,25,0.028098760726619907
temporal,raa,45,30,0.024890166217909616
temporal,raa,45,35,0.025011971086266616
temporal,raa,45,40,0.02829458857860558
temporal,raa,45,45,0.032242735071226464
temporal,raa,45,50,0.03378972632552563
temporal,raa,45,55,0.03560052404700366
temporal,raa,45,60,0.03426417204920271
temporal,raa,45,65,0.036086148425713865
temporal,raa,45,70,0.036127519139036626
temporal,raa,45,75,0.04273830869754781
temporal,raa,45,80,0.06425822372958896
temporal,raa,45,85,0.06717398021952697
temporal,raa,45,90,0.101879413087672
temporal,raa,45,95,0.09566455456613579
temporal,raa,45,100,0.05926400731482703
temporal,fedavg,46,5,0.08280397272743802
temporal,fedavg,46,10,0.029182205433569166
temporal,fedavg,46,15,0.030904085412160567
temporal,fedavg,46,20,0.03639133864786291
temporal,fedavg,46,25,0.03776328369279345
temporal,fedavg,46,30,0.0385322780938818
temporal,fedavg,46,35,0.038739731045536865
temporal,fedavg,46,40,0.03798614579293345
temporal,fedavg,46,45,0.03771749965586594
temporal,fedavg,46,50,0.03869595239663209
temporal,fedavg,46,55,0.037453694112429006
temporal,fedavg,46,60,0.037431347227884125
temporal,fedavg,46,65,0.0412235235982654
temporal,fedavg,46,70,0.04363256326966964
temporal,fedavg,46,75,0.043396909861556324
temporal,fedavg,46,80,0.04288572996582389
temporal,fedavg,46,85,0.043863341671533676
temporal,fedavg,46,90,0.04376358313200419
temporal,fedavg,46,95,0.04384610603517932
temporal,fedavg,46,100,0.07995174809719077
temporal,fedprox,46,5,0.07313144108058718
temporal,fedprox,46,10,0.028899669569037636
temporal,fedprox,46,15,0.029794879243978927
temporal,fedprox,46,20,0.036106598362087385
temporal,fedprox,46,25,0.037721895658686694
temporal,fedprox,46,30,0.038419941428321315
temporal,fedprox,46,35,0.038768496974785537
temporal,fedprox,46,40,0.03803935039215033
temporal,fedprox,46,45,0.03779484846590506
temporal,fedprox,46,50,0.03886967909186012
temporal,fedprox,46,55,0.03746126168507372
temporal,fedprox,46,60,0.037503289620611543
temporal,fedprox,46,65,0.03861789990482866
temporal,fedprox,46,70,0.04347689273732005
temporal,fedprox,46,75,0.0433947067686455
temporal,fedprox,46,80,0.042773544329966905
temporal,fedprox,46,85,0.043814422153233196
temporal,fedprox,46,90,0.043902660928058244
temporal,fedprox,46,95,0.04387421422935744
temporal,fedprox,46,100,0.0436591369322732
temporal,scaffold,46,5,0.012653422750854106
temporal,scaffold,46,10,0.012653422750854106
temporal,scaffold,46,15,0.012653422750854106
temporal,scaffold,46,20,0.012653422750854106
temporal,scaffold,46,25,0.012638150679152959
temporal,scaffold,46,30,0.014838541224286924
temporal,scaffold,46,35,0.015682323720985904
temporal,scaffold,46,40,0.03619191711205212
temporal,scaffold,46,45,0.05206154867872789
temporal,scaffold,46,50,0.07193116118762037
temporal,scaffold,46,55,0.07631942354984438
temporal,scaffold,46,60,0.08929795528671576
temporal,scaffold,46,65,0.090283611715722
temporal,scaffold,46,70,0.09791561729108214
temporal,scaffold,46,75,0.0973942164675415
temporal,scaffold,46,80,0.12282229248224538
temporal,scaffold,46,85,0.10488443225815763
temporal,scaffold,46,90,0.12998739688290495
temporal,scaffold,46,95,0.1286943663155339
temporal,scaffold,46,100,0.14502976457802064
temporal,fltrust,46,5,0.033207484809943545
temporal,fltrust,46,10,0.06780346431145928
temporal,fltrust,46,15,0.06475306469009588
temporal,fltrust,46,20,0.042996219385169135
temporal,fltrust,46,25,0.04044554695495275
temporal,fltrust,46,30,0.029742936615630086
temporal,fltrust,46,35,0.017810990072311437
temporal,fltrust,46,40,0.011903243633890235
temporal,fltrust,46,45,0.011903243633890235
temporal,fltrust,46,50,0.011931166347992352
temporal,fltrust,46,55,0.012653422750854106
temporal,fltrust,46,60,0.020540586003622876
temporal,fltrust,46,65,0.022952753007883287
temporal,fltrust,46,70,0.026207097594040718
temporal,fltrust,46,75,0.029921024394797078
temporal,fltrust,46,80,0.024525278546616257
temporal,fltrust,46,85,0.02997130967055779
temporal,fltrust,46,90,0.024409785849774053
temporal,fltrust,46,95,0.02478918684916041
temporal,fltrust,46,100,0.02713303928536951
temporal,raa,46,5,0.02864401509433419
temporal,raa,46,10,0.012653422750854106
temporal,raa,46,15,0.012653422750854106
temporal,raa,46,20,0.020812498737376107
temporal,raa,46,25,0.03188078054089978
temporal,raa,46,30,0.03759105511432774
temporal,raa,46,35,0.03391429674730542
temporal,raa,46,40,0.03177924051225652
temporal,raa,46,45,0.020640628884450195
temporal,raa,46,50,0.0211128987715638
temporal,raa,46,55,0.019338323439157992
temporal,raa,46,60,0.023288609066850006
temporal,raa,46,65,0.018859735262449828
temporal,raa,46,70,0.033712222914895215
temporal,raa,46,75,0.03665286523335466
temporal,raa,46,80,0.02839407434736476
temporal,raa,46,85,0.036837682518744905
temporal,raa,46,90,0.03685536470113693
temporal,raa,46,95,0.04654573350156263
temporal,raa,46,100,0.04668341916329362
iid,fedavg,42,5,0.06707700908490874
iid,fedavg,42,10,0.21484259117538604
iid,fedavg,42,15,0.1870316136969943
iid,fedavg,42,20,0.19926722384033252
iid,fedavg,42,25,0.2856713519062467
iid,fedavg,42,30,0.29354577061658443
iid,fedavg,42,35,0.2965941371344329
iid,fedavg,42,40,0.310821530049053
iid,fedavg,42,45,0.32051881670370547
iid,fedavg,42,50,0.3854510605921584
iid,fedavg,42,55,0.39768315490796957
iid,fedavg,42,60,0.3958859781886847
iid,fedavg,42,65,0.4323601267598658
iid,fedavg,42,70,0.42464713027763756
iid,fedavg,42,75,0.4782215379187181
iid,fedavg,42,80,0.5052531934374431
iid,fedavg,42,85,0.5044085282222077
iid,fedavg,42,90,0.4215323796357831
iid,fedavg,42,95,0.5231041843713536
iid,fedavg,42,100,0.5236674924353666
iid,fedprox,42,5,0.06620179189494853
iid,fedprox,42,10,0.21690697786007068
iid,fedprox,42,15,0.18625449251010676
iid,fedprox,42,20,0.18725314729343057
iid,fedprox,42,25,0.2884722777460053
iid,fedprox,42,30,0.292082955581432
iid,fedprox,42,35,0.29316461240725616
iid,fedprox,42,40,0.3088486617753308
iid,fedprox,42,45,0.31787321199478574
iid,fedprox,42,50,0.38105163438276285
iid,fedprox,42,55,0.39576140426849477
iid,fedprox,42,60,0.3935131825037634
iid,fedprox,42,65,0.42037548790336565
iid,fedprox,42,70,0.416032900188666
iid,fedprox,42,75,0.4692917798689942
iid,fedprox,42,80,0.5028640694449155
iid,fedprox,42,85,0.5061999973964477
iid,fedprox,42,90,0.4259189279931665
iid,fedprox,42,95,0.5213780688655839
iid,fedprox,42,100,0.5209272063435864
iid,scaffold,42,5,0.06683442721420084
iid,scaffold,42,10,0.21484737670353218
iid,scaffold,42,15,0.1870436168415242
iid,scaffold,42,20,0.1989984689443281
iid,scaffold,42,25,0.28535633903226365
iid,scaffold,42,30,0.2934274372610646
iid,scaffold,42,35,0.29639721435826166
iid,scaffold,42,40,0.31081911853850974
iid,scaffold,42,45,0.3205007936611713
iid,scaffold,42,50,0.3854582166176404
iid,scaffold,42,55,0.3978397583601259
iid,scaffold,42,60,0.39523094356521693
iid,scaffold,42,65,0.4331438087251725
iid,scaffold,42,70,0.4306161717227958
iid,scaffold,42,75,0.47869491045199614
iid,scaffold,42,80,0.5024488591118053
iid,scaffold,42,85,0.5032752131913957
iid,scaffold,42,90,0.41371801961702037
iid,scaffold,42,95,0.5215988701208775
iid,scaffold,42,100,0.5207994771798075
iid,fltrust,42,5,0.027332551595692988
iid,fltrust,42,10,0.08250675154098515
iid,fltrust,42,15,0.21649661237946974
iid,fltrust,42,20,0.18214095019113916
iid,fltrust,42,25,0.19183885850618007
iid,fltrust,42,30,0.23891676093969647
iid,fltrust,42,35,0.2737747025564322
iid,fltrust,42,40,0.2700580830734971
iid,fltrust,42,45,0.2749429774514506
iid,fltrust,42,50,0.2984160133162958
iid,fltrust,42,55,0.30538486297403966
iid,fltrust,42,60,0.31306244285237395
iid,fltrust,42,65,0.3206975668849242
iid,fltrust,42,70,0.32426679812315656
iid,fltrust,42,75,0.3341582827061847
iid,fltrust,42,80,0.3850979851864223
iid,fltrust,42,85,0.3953997370484762
iid,fltrust,42,90,0.3885662234808153
iid,fltrust,42,95,0.40779453793259723
iid,fltrust,42,100,0.41156614701339655
iid,raa,42,5,0.066343034969479
iid,raa,42,10,0.21475500191941413
iid,raa,42,15,0.18779913255452413
iid,raa,42,20,0.21247921777988604
iid,raa,42,25,0.2877641486415385
iid,raa,42,30,0.29410677192166373
iid,raa,42,35,0.29790699643717183
iid,raa,42,40,0.3112064333875352
iid,raa,42,45,0.3216739040499531
iid,raa,42,50,0.3860378113768273
iid,raa,42,55,0.3982339385717326
iid,raa,42,60,0.40030329060132924
iid,raa,42,65,0.4370595150015435
iid,raa,42,70,0.4488685447710862
iid,raa,42,75,0.4940560704497471
iid,raa,42,80,0.505503918962532
iid,raa,42,85,0.5062961958166704
iid,raa,42,90,0.46100343477771755
iid,raa,42,95,0.522407716061533
iid,raa,42,100,0.5217806754216702
iid,fedavg,43,5,0.04918468243729106
iid,fedavg,43,10,0.18145720839826085
iid,fedavg,43,15,0.1743259942748759
iid,fedavg,43,20,0.21059545623353387
iid,fedavg,43,25,0.24365266812830283
iid,fedavg,43,30,0.2869630597267648
iid,fedavg,43,35,0.3048613577145793
iid,fedavg,43,40,0.30287210831789557
iid,fedavg,43,45,0.3181732646289758
iid,fedavg,43,50,0.3326268296642488
iid,fedavg,43,55,0.38453629673527323
iid,fedavg,43,60,0.3963619223050624
iid,fedavg,43,65,0.4492184365173591
iid,fedavg,43,70,0.48337654072963177
iid,fedavg,43,75,0.4932952348863989
iid,fedavg,43,80,0.5132705108957968
iid,fedavg,43,85,0.5171495088919229
iid,fedavg,43,90,0.524474177524476
iid,fedavg,43,95,0.5121303420117627
iid,fedavg,43,100,0.5242170637803897
iid,fedprox,43,5,0.050058106496337594
iid,fedprox,43,10,0.19458535372002855
iid,fedprox,43,15,0.17516854731130957
iid,fedprox,43,20,0.20374611515632804
iid,fedprox,43,25,0.24371600424207063
iid,fedprox,43,30,0.29008348063556494
iid,fedprox,43,35,0.30511531635229844
iid,fedprox,43,40,0.3014941305653463
iid,fedprox,43,45,0.3157110028393461
iid,fedprox,43,50,0.3305253425087834
iid,fedprox,43,55,0.38201943363089214
iid,fedprox,43,60,0.39338503850766215
iid,fedprox,43,65,0.4437800540429965
iid,fedprox,43,70,0.4815879920327411
iid,fedprox,43,75,0.4912602916831857
iid,fedprox,43,80,0.5121612595043918
iid,fedprox,43,85,0.517484090846909
iid,fedprox,43,90,0.521972537276171
iid,fedprox,43,95,0.5123029100655895
iid,fedprox,43,100,0.5234027744864257
iid,scaffold,43,5,0.04918571701520617
iid,scaffold,43,10,0.18142264527392177
iid,scaffold,43,15,0.17435829971996952
iid,scaffold,43,20,0.21044534658718023
iid,scaffold,43,25,0.243494891072262
iid,scaffold,43,30,0.28680329064371374
iid,scaffold,43,35,0.3044400725960469
iid,scaffold,43,40,0.3028986048497895
iid,scaffold,43,45,0.31798066380549617
iid,scaffold,43,50,0.33217504776197315
iid,scaffold,43,55,0.38341264353798366
iid,scaffold,43,60,0.39602099805624463
iid,scaffold,43,65,0.4481003179317805
iid,scaffold,43,70,0.48721258683380353
iid,scaffold,43,75,0.4950771019556905
iid,scaffold,43,80,0.5147856263289574
iid,scaffold,43,85,0.514505567899069
iid,scaffold,43,90,0.5180386460434713
iid,scaffold,43,95,0.5187623751781227
iid,scaffold,43,100,0.5247231659456474
iid,fltrust,43,5,0.05404637251688915
iid,fltrust,43,10,0.07543731180950312
iid,fltrust,43,15,0.16656606777971772
iid,fltrust,43,20,0.17738348676610963
iid,fltrust,43,25,0.17762818711587933
iid,fltrust,43,30,0.20834807931490715
iid,fltrust,43,35,0.24583038532095072
iid,fltrust,43,40,0.24734648979197657
iid,fltrust,43,45,0.2904373503151652
iid,fltrust,43,50,0.3016688057227866
iid,fltrust,43,55,0.3024980549464375
iid,fltrust,43,60,0.30431624724998585
iid,fltrust,43,65,0.30867870212393717
iid,fltrust,43,70,0.32094476613854844
iid,fltrust,43,75,0.33127527119374045
iid,fltrust,43,80,0.38158862700311186
iid,fltrust,43,85,0.38948836183988317
iid,fltrust,43,90,0.41453583482231193
iid,fltrust,43,95,0.39362238582033243
iid,fltrust,43,100,0.4566787201977252
iid,raa,43,5,0.04927562272748414
iid,raa,43,10,0.17221528397286046
iid,raa,43,15,0.17641116138974985
iid,raa,43,20,0.2114561434230255
iid,raa,43,25,0.2463542773707594
iid,raa,43,30,0.2874213820723025
iid,raa,43,35,0.3057044783953698
iid,raa,43,40,0.3030348265622853
iid,raa,43,45,0.31848659477105185
iid,raa,43,50,0.33726910413678335
iid,raa,43,55,0.3847307886337704
iid,raa,43,60,0.40874497331799836
iid,raa,43,65,0.45367167340942843
iid,raa,43,70,0.49250244211416494
iid,raa,43,75,0.4983674128328788
iid,raa,43,80,0.517646434095956
iid,raa,43,85,0.5161189580437505
iid,raa,43,90,0.521367381258027
iid,raa,43,95,0.5130406236433612
iid,raa,43,100,0.5266625938811692
iid,fedavg,44,5,0.06007720285694898
iid,fedavg,44,10,0.10235728883152072
iid,fedavg,44,15,0.17522908104307736
iid,fedavg,44,20,0.2537169498713984
iid,fedavg,44,25,0.2837418370966025
iid,fedavg,44,30,0.2947654816499195
iid,fedavg,44,35,0.2997383955263235
iid,fedavg,44,40,0.3121954461256686
iid,fedavg,44,45,0.3308207713227372
iid,fedavg,44,50,0.34247508321351344
iid,fedavg,44,55,0.39539357965642613
iid,fedavg,44,60,0.45909605028350775
iid,fedavg,44,65,0.4813275019886818
iid,fedavg,44,70,0.43133509609290094
iid,fedavg,44,75,0.4968735853634135
iid,fedavg,44,80,0.4274524404471625
iid,fedavg,44,85,0.5035742603820351
iid,fedavg,44,90,0.5046381551654598
iid,fedavg,44,95,0.5173445575887394
iid,fedavg,44,100,0.5159551614001404
iid,fedprox,44,5,0.06032481096677786
iid,fedprox,44,10,0.09853758153089916
iid,fedprox,44,15,0.17545825582567257
iid,fedprox,44,20,0.21786238764182858
iid,fedprox,44,25,0.2819909803347244
iid,fedprox,44,30,0.2932903993725221
iid,fedprox,44,35,0.2973496149161001
iid,fedprox,44,40,0.31130712026996993
iid,fedprox,44,45,0.32975664986392117
iid,fedprox,44,50,0.3371372698958336
iid,fedprox,44,55,0.3772494446407595
iid,fedprox,44,60,0.412911268581905
iid,fedprox,44,65,0.4774861026490297
iid,fedprox,44,70,0.43395535892965
iid,fedprox,44,75,0.4954310121185278
iid,fedprox,44,80,0.42577216433591164
iid,fedprox,44,85,0.5049364377328375
iid,fedprox,44,90,0.5042663275660516
iid,fedprox,44,95,0.5154366709118454
iid,fedprox,44,100,0.5157496704852577
iid,scaffold,44,5,0.06007720285694898
iid,scaffold,44,10,0.10223284261676142
iid,scaffold,44,15,0.17549221184297342
iid,scaffold,44,20,0.250487710712941
iid,scaffold,44,25,0.2837611916899261
iid,scaffold,44,30,0.2946942588355279
iid,scaffold,44,35,0.2993937057504447
iid,scaffold,44,40,0.3120992913947977
iid,scaffold,44,45,0.3303735640979936
iid,scaffold,44,50,0.34022877460780093
iid,scaffold,44,55,0.39231582408387317
iid,scaffold,44,60,0.4214570246881614
iid,scaffold,44,65,0.4791362053832871
iid,scaffold,44,70,0.43185220128016844
iid,scaffold,44,75,0.497231936673488
iid,scaffold,44,80,0.42924990994729295
iid,scaffold,44,85,0.5047313682388562
iid,scaffold,44,90,0.5031286510718201
iid,scaffold,44,95,0.5124484373682855
iid,scaffold,44,100,0.5153452276716465
iid,fltrust,44,5,0.02983667557394099
iid,fltrust,44,10,0.06142634480022633
iid,fltrust,44,15,0.10586859085892825
iid,fltrust,44,20,0.131803242026302
iid,fltrust,44,25,0.24417392253658007
iid,fltrust,44,30,0.28242097783266795
iid,fltrust,44,35,0.2742541314250327
iid,fltrust,44,40,0.2845222942637939
iid,fltrust,44,45,0.2947736474348714
iid,fltrust,44,50,0.3009594686949651
iid,fltrust,44,55,0.3048959231619204
iid,fltrust,44,60,0.3110228329462103
iid,fltrust,44,65,0.31898339801175357
iid,fltrust,44,70,0.32345000351444664
iid,fltrust,44,75,0.3716503389363762
iid,fltrust,44,80,0.382421502228557
iid,fltrust,44,85,0.38149902965176596
iid,fltrust,44,90,0.40655607789735804
iid,fltrust,44,95,0.4154556026754375
iid,fltrust,44,100,0.46428066294607745
iid,raa,44,5,0.06007778564439601
iid,raa,44,10,0.1022282467623128
iid,raa,44,15,0.21690420944289712
iid,raa,44,20,0.2674778692155845
iid,raa,44,25,0.2838221323858617
iid,raa,44,30,0.29487470377641906
iid,raa,44,35,0.300221062230969
iid,raa,44,40,0.31266460057146656
iid,raa,44,45,0.3313289070077788
iid,raa,44,50,0.36128943629137183
iid,raa,44,55,0.39881484141513096
iid,raa,44,60,0.4240438868956612
iid,raa,44,65,0.48657118223003193
iid,raa,44,70,0.4436817155175295
iid,raa,44,75,0.5022519851266092
iid,raa,44,80,0.5018656323414511
iid,raa,44,85,0.5067613976068716
iid,raa,44,90,0.5071934970767544
iid,raa,44,95,0.5171648561613871
iid,raa,44,100,0.5158911908776155
iid,fedavg,45,5,0.060657086251644406
iid,fedavg,45,10,0.10656508104436274
iid,fedavg,45,15,0.15624855098522597
iid,fedavg,45,20,0.20335956141085934
iid,fedavg,45,25,0.2758868689976055
iid,fedavg,45,30,0.29319364654402436
iid,fedavg,45,35,0.30852002242563065
iid,fedavg,45,40,0.3237206354170225
iid,fedavg,45,45,0.33551083470953985
iid,fedavg,45,50,0.09103998021634548
iid,fedavg,45,55,0.3886843141237721
iid,fedavg,45,60,0.39939252622589866
iid,fedavg,45,65,0.44814202727447205
iid,fedavg,45,70,0.4494940501895243
iid,fedavg,45,75,0.49215876847643425
iid,fedavg,45,80,0.5132060896024601
iid,fedavg,45,85,0.33336107620099514
iid,fedavg,45,90,0.520795200719437
iid,fedavg,45,95,0.5172418992341644
iid,fedavg,45,100,0.5178368655104105
iid,fedprox,45,5,0.060454907977475665
iid,fedprox,45,10,0.10553603948791397
iid,fedprox,45,15,0.15652180580275293
iid,fedprox,45,20,0.20573440054354994
iid,fedprox,45,25,0.26281128289813643
iid,fedprox,45,30,0.2896725940890482
iid,fedprox,45,35,0.30617803466156596
iid,fedprox,45,40,0.32037336312534637
iid,fedprox,45,45,0.3334780247625585
iid,fedprox,45,50,0.09183198109720951
iid,fedprox,45,55,0.3869938524717469
iid,fedprox,45,60,0.39317297194633355
iid,fedprox,45,65,0.4450294785984802
iid,fedprox,45,70,0.44584884061646984
iid,fedprox,45,75,0.4894380659557636
iid,fedprox,45,80,0.5076252625204488
iid,fedprox,45,85,0.2998378120460066
iid,fedprox,45,90,0.5198325819335107
iid,fedprox,45,95,0.5163902128885135
iid,fedprox,45,100,0.5168992587838992
iid,scaffold,45,5,0.060657086251644406
iid,scaffold,45,10,0.10650183956854163
iid,scaffold,45,15,0.1561647934541604
iid,scaffold,45,20,0.2034725150540978
iid,scaffold,45,25,0.27589989783106056
iid,scaffold,45,30,0.29290837030053507
iid,scaffold,45,35,0.30852002242563065
iid,scaffold,45,40,0.3236066758080443
iid,scaffold,45,45,0.3352917313830943
iid,scaffold,45,50,0.09103269410848994
iid,scaffold,45,55,0.38884771233411797
iid,scaffold,45,60,0.3996173448963555
iid,scaffold,45,65,0.4475042678278868
iid,scaffold,45,70,0.4496434739917825
iid,scaffold,45,75,0.491874417353176
iid,scaffold,45,80,0.5141141177495
iid,scaffold,45,85,0.33385813542907977
iid,scaffold,45,90,0.5208142153525686
iid,scaffold,45,95,0.5180199089413364
iid,scaffold,45,100,0.516622588695909
iid,fltrust,45,5,0.06411355835179351
iid,fltrust,45,10,0.07513482729116117
iid,fltrust,45,15,0.10892525155870561
iid,fltrust,45,20,0.15957846193740136
iid,fltrust,45,25,0.1608832733330521
iid,fltrust,45,30,0.21303425240775214
iid,fltrust,45,35,0.22305254622030496
iid,fltrust,45,40,0.28042229468379365
iid,fltrust,45,45,0.2990180778610924
iid,fltrust,45,50,0.08666573191835636
iid,fltrust,45,55,0.3155471051834579
iid,fltrust,45,60,0.3217826605454763
iid,fltrust,45,65,0.332998986933931
iid,fltrust,45,70,0.3380948078480628
iid,fltrust,45,75,0.34491703735822127
iid,fltrust,45,80,0.3558333081521274
iid,fltrust,45,85,0.19288465404237687
iid,fltrust,45,90,0.4002457840286921
iid,fltrust,45,95,0.4142331443274622
iid,fltrust,45,100,0.4347404555336418
iid,raa,45,5,0.06065033957882935
iid,raa,45,10,0.10671555020382675
iid,raa,45,15,0.1564229173230914
iid,raa,45,20,0.20251839005335756
iid,raa,45,25,0.2770248480764833
iid,raa,45,30,0.29650497535119485
iid,raa,45,35,0.3088312142920157
iid,raa,45,40,0.3240488235644462
iid,raa,45,45,0.336079741635895
iid,raa,45,50,0.15747274995466945
iid,raa,45,55,0.38927718644158954
iid,raa,45,60,0.40529511103185506
iid,raa,45,65,0.4483969664791116
iid,raa,45,70,0.4507720475099956
iid,raa,45,75,0.49281563445998083
iid,raa,45,80,0.5123722237586497
iid,raa,45,85,0.41488780992684915
iid,raa,45,90,0.5223670808201301
iid,raa,45,95,0.5198382127438851
iid,raa,45,100,0.5178703110086856
iid,fedavg,46,5,0.044240187818209493
iid,fedavg,46,10,0.12492168812937789
iid,fedavg,46,15,0.19150930491114299
iid,fedavg,46,20,0.2817597833629416
iid,fedavg,46,25,0.28958824833527713
iid,fedavg,46,30,0.3000015646096482
iid,fedavg,46,35,0.3123908799661355
iid,fedavg,46,40,0.323848987595899
iid,fedavg,46,45,0.33279529113072925
iid,fedavg,46,50,0.3327929032550981
iid,fedavg,46,55,0.3860940544256047
iid,fedavg,46,60,0.3798106585626086
iid,fedavg,46,65,0.3550911018997397
iid,fedavg,46,70,0.4311086419191534
iid,fedavg,46,75,0.4578250337239629
iid,fedavg,46,80,0.4723516168882574
iid,fedavg,46,85,0.5046482082716286
iid,fedavg,46,90,0.4995691824876514
iid,fedavg,46,95,0.5165659807923023
iid,fedavg,46,100,0.5189626572134263
iid,fedprox,46,5,0.04128038093590072
iid,fedprox,46,10,0.12091783237211397
iid,fedprox,46,15,0.18124589681820572
iid,fedprox,46,20,0.2877014153154052
iid,fedprox,46,25,0.28927611697837974
iid,fedprox,46,30,0.2985893666563457
iid,fedprox,46,35,0.3104580816894315
iid,fedprox,46,40,0.3219480796746083
iid,fedprox,46,45,0.3314328481286324
iid,fedprox,46,50,0.33020154618136066
iid,fedprox,46,55,0.38419390402290154
iid,fedprox,46,60,0.3775274713282805
iid,fedprox,46,65,0.35228774869551444
iid,fedprox,46,70,0.4117105454766418
iid,fedprox,46,75,0.44339299480960676
iid,fedprox,46,80,0.47129753780354094
iid,fedprox,46,85,0.5044119090103113
iid,fedprox,46,90,0.4965356656456102
iid,fedprox,46,95,0.5164683925919938
iid,fedprox,46,100,0.5166528398084707
iid,scaffold,46,5,0.04396295177615795
iid,scaffold,46,10,0.12451184297276953
iid,scaffold,46,15,0.19159901123489365
iid,scaffold,46,20,0.2817089493200113
iid,scaffold,46,25,0.28958824833527713
iid,scaffold,46,30,0.2998156752768552
iid,scaffold,46,35,0.3124459266609757
iid,scaffold,46,40,0.3240494166523351
iid,scaffold,46,45,0.3324985807535433
iid,scaffold,46,50,0.33268969445623714
iid,scaffold,46,55,0.3859114020565747
iid,scaffold,46,60,0.3792150694777191
iid,scaffold,46,65,0.35629473262053757
iid,scaffold,46,70,0.4140540509261474
iid,scaffold,46,75,0.44669141739462775
iid,scaffold,46,80,0.47124973092324385
iid,scaffold,46,85,0.5069028750542833
iid,scaffold,46,90,0.49896809346087345
iid,scaffold,46,95,0.511402340412197
iid,scaffold,46,100,0.5190720174934218
iid,fltrust,46,5,0.03363389788255315
iid,fltrust,46,10,0.09046271463888893
iid,fltrust,46,15,0.1094968102059059
iid,fltrust,46,20,0.13878955157062547
iid,fltrust,46,25,0.2884007759074463
iid,fltrust,46,30,0.3065792857103881
iid,fltrust,46,35,0.298212124459385
iid,fltrust,46,40,0.2959306437773993
iid,fltrust,46,45,0.29916487046010776
iid,fltrust,46,50,0.3003250672738499
iid,fltrust,46,55,0.3148392545284693
iid,fltrust,46,60,0.3209695650918842
iid,fltrust,46,65,0.3231844639359336
iid,fltrust,46,70,0.3331962419792681
iid,fltrust,46,75,0.3519910836457813
iid,fltrust,46,80,0.3784018788803004
iid,fltrust,46,85,0.3683367356744114
iid,fltrust,46,90,0.38693460976327265
iid,fltrust,46,95,0.3953529546893266
iid,fltrust,46,100,0.4003689137717623
iid,raa,46,5,0.044240187818209493
iid,raa,46,10,0.12547402174647257
iid,raa,46,15,0.25247502009909106
iid,raa,46,20,0.2936996464070374
iid,raa,46,25,0.29041220066312773
iid,raa,46,30,0.304399279699517
iid,raa,46,35,0.31288111194772944
iid,raa,46,40,0.32375887480154314
iid,raa,46,45,0.3345546878765683
iid,raa,46,50,0.3351321765830647
iid,raa,46,55,0.3876406503118307
iid,raa,46,60,0.38119313037434915
iid,raa,46,65,0.38661144710922374
iid,raa,46,70,0.43986306336008896
iid,raa,46,75,0.4606558265918361
iid,raa,46,80,0.473313916970539
iid,raa,46,85,0.5093855104949351
iid,raa,46,90,0.5112815338519526
iid,raa,46,95,0.517227195663803
iid,raa,46,100,0.5184817577336368
dir0.1,fedavg,42,5,0.038269262583787204
dir0.1,fedavg,42,10,0.040727946425402305
dir0.1,fedavg,42,15,0.11790923663878305
dir0.1,fedavg,42,20,0.1723653229306098
dir0.1,fedavg,42,25,0.17659815238023166
dir0.1,fedavg,42,30,0.2143573176380738
dir0.1,fedavg,42,35,0.242481024252051
dir0.1,fedavg,42,40,0.24800865797305077
dir0.1,fedavg,42,45,0.25466119766469086
dir0.1,fedavg,42,50,0.27668753912772565
dir0.1,fedavg,42,55,0.285754618764393
dir0.1,fedavg,42,60,0.28872465545028
dir0.1,fedavg,42,65,0.2892400928477279
dir0.1,fedavg,42,70,0.29463366892783327
dir0.1,fedavg,42,75,0.3284577700854475
dir0.1,fedavg,42,80,0.3306968027700065
dir0.1,fedavg,42,85,0.2940682455298076
dir0.1,fedavg,42,90,0.33097679223640525
dir0.1,fedavg,42,95,0.3024420265030599
dir0.1,fedavg,42,100,0.3003495130525652
dir0.1,fedprox,42,5,0.03826289175398448
dir0.1,fedprox,42,10,0.04030123853578349
dir0.1,fedprox,42,15,0.11635724359248424
dir0.1,fedprox,42,20,0.1711261170302981
dir0.1,fedprox,42,25,0.17566614997304195
dir0.1,fedprox,42,30,0.2133955558899632
dir0.1,fedprox,42,35,0.24136287849009383
dir0.1,fedprox,42,40,0.2466634180085049
dir0.1,fedprox,42,45,0.25366309960660643
dir0.1,fedprox,42,50,0.2720651573984759
dir0.1,fedprox,42,55,0.2846678581014047
dir0.1,fedprox,42,60,0.28814620513117795
dir0.1,fedprox,42,65,0.28868527009434547
dir0.1,fedprox,42,70,0.2934332051328509
dir0.1,fedprox,42,75,0.2961114748027862
dir0.1,fedprox,42,80,0.3305045986822306
dir0.1,fedprox,42,85,0.29388308002994085
dir0.1,fedprox,42,90,0.3284212519347235
dir0.1,fedprox,42,95,0.30368867284868784
dir0.1,fedprox,42,100,0.29938802202801423
dir0.1,scaffold,42,5,0.012653422750854106
dir0.1,scaffold,42,10,0.012653422750854106
dir0.1,scaffold,42,15,0.03429131870439628
dir0.1,scaffold,42,20,0.04060926211284411
dir0.1,scaffold,42,25,0.07483523270449326
dir0.1,scaffold,42,30,0.0878242018125313
dir0.1,scaffold,42,35,0.1491702077760757
dir0.1,scaffold,42,40,0.14242609671820475
dir0.1,scaffold,42,45,0.16034858559623252
dir0.1,scaffold,42,50,0.18652935044272195
dir0.1,scaffold,42,55,0.24031722809027906
dir0.1,scaffold,42,60,0.2619405493897712
dir0.1,scaffold,42,65,0.30672591524095505
dir0.1,scaffold,42,70,0.30169132500896023
dir0.1,scaffold,42,75,0.3083881013070979
dir0.1,scaffold,42,80,0.3082537796459446
dir0.1,scaffold,42,85,0.3130622524561368
dir0.1,scaffold,42,90,0.31151536928091367
dir0.1,scaffold,42,95,0.37797189519624813
dir0.1,scaffold,42,100,0.3937631949733394
dir0.1,fltrust,42,5,0.023357711161771526
dir0.1,fltrust,42,10,0.03423279758915118
dir0.1,fltrust,42,15,0.026860488479564137
dir0.1,fltrust,42,20,0.01698255519973032
dir0.1,fltrust,42,25,0.015680789846921755
dir0.1,fltrust,42,30,0.04653499906529203
dir0.1,fltrust,42,35,0.06994483827978394
dir0.1,fltrust,42,40,0.07374416438701206
dir0.1,fltrust,42,45,0.073315128160202
dir0.1,fltrust,42,50,0.0730976229571696
dir0.1,fltrust,42,55,0.07542958982345323
dir0.1,fltrust,42,60,0.07523624260725112
dir0.1,fltrust,42,65,0.0768054667317361
dir0.1,fltrust,42,70,0.07622627339962809
dir0.1,fltrust,42,75,0.0779643534356549
dir0.1,fltrust,42,80,0.08185669604687486
dir0.1,fltrust,42,85,0.08288717209984274
dir0.1,fltrust,42,90,0.09382939327853453
dir0.1,fltrust,42,95,0.11241843884178843
dir0.1,fltrust,42,100,0.12446784663066156
dir0.1,raa,42,5,0.038577870067702635
dir0.1,raa,42,10,0.09290846644485623
dir0.1,raa,42,15,0.16785629936209392
dir0.1,raa,42,20,0.18732473558565077
dir0.1,raa,42,25,0.1941219922896672
dir0.1,raa,42,30,0.2300764779862531
dir0.1,raa,42,35,0.2562562219868367
dir0.1,raa,42,40,0.2562101714272556
dir0.1,raa,42,45,0.26036144599409694
dir0.1,raa,42,50,0.26302230550158234
dir0.1,raa,42,55,0.2802640640494018
dir0.1,raa,42,60,0.2864146370106361
dir0.1,raa,42,65,0.287563814041252
dir0.1,raa,42,70,0.28903112249183177
dir0.1,raa,42,75,0.28962542039835537
dir0.1,raa,42,80,0.29925554976808383
dir0.1,raa,42,85,0.3009516933016421
dir0.1,raa,42,90,0.30535166687315846
dir0.1,raa,42,95,0.3172548810835032
dir0.1,raa,42,100,0.32064609963834456
dir0.1,fedavg,43,5,0.08790182659072072
dir0.1,fedavg,43,10,0.0730616438182974
dir0.1,fedavg,43,15,0.08707680831082984
dir0.1,fedavg,43,20,0.09227276657585869
dir0.1,fedavg,43,25,0.20646214301557161
dir0.1,fedavg,43,30,0.20745257787964302
dir0.1,fedavg,43,35,0.22257825294560757
dir0.1,fedavg,43,40,0.23019971839166647
dir0.1,fedavg,43,45,0.22353771729763688
dir0.1,fedavg,43,50,0.24280964423337104
dir0.1,fedavg,43,55,0.2492680212452959
dir0.1,fedavg,43,60,0.24354915687980824
dir0.1,fedavg,43,65,0.2732963325347191
dir0.1,fedavg,43,70,0.2623245778609248
dir0.1,fedavg,43,75,0.2762203351756321
dir0.1,fedavg,43,80,0.267114867581148
dir0.1,fedavg,43,85,0.29171874077171167
dir0.1,fedavg,43,90,0.27649235232842084
dir0.1,fedavg,43,95,0.29985726539492047
dir0.1,fedavg,43,100,0.3337420985952482
dir0.1,fedprox,43,5,0.0813899995489314
dir0.1,fedprox,43,10,0.07406495477306851
dir0.1,fedprox,43,15,0.0875477300381416
dir0.1,fedprox,43,20,0.08953721699084168
dir0.1,fedprox,43,25,0.19739893392695282
dir0.1,fedprox,43,30,0.20764499093847674
dir0.1,fedprox,43,35,0.22242099967127474
dir0.1,fedprox,43,40,0.22874407051154685
dir0.1,fedprox,43,45,0.222094481438668
dir0.1,fedprox,43,50,0.2406834577081212
dir0.1,fedprox,43,55,0.2455159049485126
dir0.1,fedprox,43,60,0.24235841425890142
dir0.1,fedprox,43,65,0.27207656874347314
dir0.1,fedprox,43,70,0.2593803409792563
dir0.1,fedprox,43,75,0.27464367741603124
dir0.1,fedprox,43,80,0.25833140390848197
dir0.1,fedprox,43,85,0.2919112664835889
dir0.1,fedprox,43,90,0.27201576916126974
dir0.1,fedprox,43,95,0.2905803384522041
dir0.1,fedprox,43,100,0.33875798359007186
dir0.1,scaffold,43,5,0.034850589264768854
dir0.1,scaffold,43,10,0.060624185302359496
dir0.1,scaffold,43,15,0.05850554740749711
dir0.1,scaffold,43,20,0.057144711970126966
dir0.1,scaffold,43,25,0.11063999223690144
dir0.1,scaffold,43,30,0.11690213245643523
dir0.1,scaffold,43,35,0.1157437136297327
dir0.1,scaffold,43,40,0.26818180272302405
dir0.1,scaffold,43,45,0.26401708745673075
dir0.1,scaffold,43,50,0.295379824967827
dir0.1,scaffold,43,55,0.27945371002778135
dir0.1,scaffold,43,60,0.2785171398092754
dir0.1,scaffold,43,65,0.2683973331046496
dir0.1,scaffold,43,70,0.2765947029846784
dir0.1,scaffold,43,75,0.2778696035903422
dir0.1,scaffold,43,80,0.30338930925036856
dir0.1,scaffold,43,85,0.27739710245681054
dir0.1,scaffold,43,90,0.2844594094348912
dir0.1,scaffold,43,95,0.27997173170745104
dir0.1,scaffold,43,100,0.2910949197775476
dir0.1,fltrust,43,5,0.012638150679152959
dir0.1,fltrust,43,10,0.05617077723031861
dir0.1,fltrust,43,15,0.046285470603900196
dir0.1,fltrust,43,20,0.03765902260365516
dir0.1,fltrust,43,25,0.039028978713578806
dir0.1,fltrust,43,30,0.04270876718884907
dir0.1,fltrust,43,35,0.04349013888348588
dir0.1,fltrust,43,40,0.04528705414188943
dir0.1,fltrust,43,45,0.04567884859207574
dir0.1,fltrust,43,50,0.04459009571369122
dir0.1,fltrust,43,55,0.06862629048980826
dir0.1,fltrust,43,60,0.13279832064916092
dir0.1,fltrust,43,65,0.11237755060143897
dir0.1,fltrust,43,70,0.10386842435944788
dir0.1,fltrust,43,75,0.1031303100217508
dir0.1,fltrust,43,80,0.10309019099869841
dir0.1,fltrust,43,85,0.10275031874053457
dir0.1,fltrust,43,90,0.16210155379716212
dir0.1,fltrust,43,95,0.1557402671288312
dir0.1,fltrust,43,100,0.17739502867342744
dir0.1,raa,43,5,0.07173723599177646
dir0.1,raa,43,10,0.0788593186568012
dir0.1,raa,43,15,0.08762596709006151
dir0.1,raa,43,20,0.1478696338643143
dir0.1,raa,43,25,0.19873741335295217
dir0.1,raa,43,30,0.19212459432860196
dir0.1,raa,43,35,0.1927381481599585
dir0.1,raa,43,40,0.19784209506083678
dir0.1,raa,43,45,0.21256678928519598
dir0.1,raa,43,50,0.2506606656266869
dir0.1,raa,43,55,0.21986696566024994
dir0.1,raa,43,60,0.25024594547210144
dir0.1,raa,43,65,0.25616754474522524
dir0.1,raa,43,70,0.2767142054075396
dir0.1,raa,43,75,0.27831857174714336
dir0.1,raa,43,80,0.24886369052034377
dir0.1,raa,43,85,0.2962488528873692
dir0.1,raa,43,90,0.26114602907535117
dir0.1,raa,43,95,0.30361046789224666
dir0.1,raa,43,100,0.32573670614888556
dir0.1,fedavg,44,5,0.039396489380640796
dir0.1,fedavg,44,10,0.1660351948711212
dir0.1,fedavg,44,15,0.10937094202448533
dir0.1,fedavg,44,20,0.14433078402838717
dir0.1,fedavg,44,25,0.1533498416201956
dir0.1,fedavg,44,30,0.17689639487910383
dir0.1,fedavg,44,35,0.20335000842964432
dir0.1,fedavg,44,40,0.18374025074318853
dir0.1,fedavg,44,45,0.3003612543170467
dir0.1,fedavg,44,50,0.33982698389339644
dir0.1,fedavg,44,55,0.34483712947352435
dir0.1,fedavg,44,60,0.2501289518998563
dir0.1,fedavg,44,65,0.3473559077476927
dir0.1,fedavg,44,70,0.34885810227237424
dir0.1,fedavg,44,75,0.4283061815369064
dir0.1,fedavg,44,80,0.30963997475480104
dir0.1,fedavg,44,85,0.4268745677177885
dir0.1,fedavg,44,90,0.44041301028652113
dir0.1,fedavg,44,95,0.4071165782650052
dir0.1,fedavg,44,100,0.4427735438074566
dir0.1,fedprox,44,5,0.03673104394078063
dir0.1,fedprox,44,10,0.1552375704887083
dir0.1,fedprox,44,15,0.10790676977091256
dir0.1,fedprox,44,20,0.14218624924532933
dir0.1,fedprox,44,25,0.15018504881061925
dir0.1,fedprox,44,30,0.17494391951447635
dir0.1,fedprox,44,35,0.20019922212961377
dir0.1,fedprox,44,40,0.18297879332827796
dir0.1,fedprox,44,45,0.293223588345325
dir0.1,fedprox,44,50,0.3398292034291588
dir0.1,fedprox,44,55,0.34477905614597887
dir0.1,fedprox,44,60,0.24847355702506313
dir0.1,fedprox,44,65,0.3499333992446222
dir0.1,fedprox,44,70,0.29923695533239836
dir0.1,fedprox,44,75,0.42219267249776016
dir0.1,fedprox,44,80,0.30655443889397155
dir0.1,fedprox,44,85,0.44064313958176843
dir0.1,fedprox,44,90,0.43625197756250705
dir0.1,fedprox,44,95,0.3820812626375174
dir0.1,fedprox,44,100,0.4425283505245026
dir0.1,scaffold,44,5,0.012653422750854106
dir0.1,scaffold,44,10,0.04217720620251605
dir0.1,scaffold,44,15,0.04981666703793633
dir0.1,scaffold,44,20,0.04382719820571663
dir0.1,scaffold,44,25,0.04359399795571641
dir0.1,scaffold,44,30,0.044327178937399195
dir0.1,scaffold,44,35,0.05790391671122313
dir0.1,scaffold,44,40,0.06591051365935502
dir0.1,scaffold,44,45,0.0759398767981152
dir0.1,scaffold,44,50,0.07713852217402313
dir0.1,scaffold,44,55,0.07285649398968647
dir0.1,scaffold,44,60,0.07307885620855806
dir0.1,scaffold,44,65,0.07684898778453889
dir0.1,scaffold,44,70,0.07182419278915846
dir0.1,scaffold,44,75,0.0733279864181632
dir0.1,scaffold,44,80,0.07135333943621212
dir0.1,scaffold,44,85,0.07962860882629968
dir0.1,scaffold,44,90,0.07700027953353665
dir0.1,scaffold,44,95,0.07363704931260333
dir0.1,scaffold,44,100,0.07234464204222134
dir0.1,fltrust,44,5,0.029683086580075745
dir0.1,fltrust,44,10,0.05821553807217297
dir0.1,fltrust,44,15,0.06628380081671274
dir0.1,fltrust,44,20,0.05257279248210363
dir0.1,fltrust,44,25,0.055111812054419396
dir0.1,fltrust,44,30,0.08904815719321474
dir0.1,fltrust,44,35,0.08888354587286548
dir0.1,fltrust,44,40,0.16774194645923057
dir0.1,fltrust,44,45,0.15159178115798966
dir0.1,fltrust,44,50,0.13455732210046
dir0.1,fltrust,44,55,0.13990738551889706
dir0.1,fltrust,44,60,0.14524870208366095
dir0.1,fltrust,44,65,0.14879553522454442
dir0.1,fltrust,44,70,0.1525430258312243
dir0.1,fltrust,44,75,0.1456042635783595
dir0.1,fltrust,44,80,0.14932912493186626
dir0.1,fltrust,44,85,0.15088931117471283
dir0.1,fltrust,44,90,0.1471591318899656
dir0.1,fltrust,44,95,0.148136855126247
dir0.1,fltrust,44,100,0.1555682206188764
dir0.1,raa,44,5,0.07901273798420295
dir0.1,raa,44,10,0.1509453914085695
dir0.1,raa,44,15,0.10179483227926094
dir0.1,raa,44,20,0.12534236480124936
dir0.1,raa,44,25,0.1687932417539167
dir0.1,raa,44,30,0.21918492503375156
dir0.1,raa,44,35,0.23145658376216047
dir0.1,raa,44,40,0.22941552617133346
dir0.1,raa,44,45,0.2504556982828302
dir0.1,raa,44,50,0.2512430503920855
dir0.1,raa,44,55,0.3370743477358317
dir0.1,raa,44,60,0.33062976690571194
dir0.1,raa,44,65,0.35048327376596866
dir0.1,raa,44,70,0.33418609795370047
dir0.1,raa,44,75,0.34310852830097927
dir0.1,raa,44,80,0.3656419391883545
dir0.1,raa,44,85,0.3516891377071752
dir0.1,raa,44,90,0.35777709877432196
dir0.1,raa,44,95,0.3826690323372294
dir0.1,raa,44,100,0.3841282702642156
dir0.1,fedavg,45,5,0.01266624445851805
dir0.1,fedavg,45,10,0.10195969591375384
dir0.1,fedavg,45,15,0.17845335627315365
dir0.1,fedavg,45,20,0.19395652784785303
dir0.1,fedavg,45,25,0.21630723137342536
dir0.1,fedavg,45,30,0.2168763993530646
dir0.1,fedavg,45,35,0.21616927741000372
dir0.1,fedavg,45,40,0.2171786127874576
dir0.1,fedavg,45,45,0.2172173036799746
dir0.1,fedavg,45,50,0.2165965301490928
dir0.1,fedavg,45,55,0.22151510373727773
dir0.1,fedavg,45,60,0.2413352451937994
dir0.1,fedavg,45,65,0.2718266472630539
dir0.1,fedavg,45,70,0.28590958757633006
dir0.1,fedavg,45,75,0.3253027636215194
dir0.1,fedavg,45,80,0.381594821537866
dir0.1,fedavg,45,85,0.35691343869126235
dir0.1,fedavg,45,90,0.39479167472382587
dir0.1,fedavg,45,95,0.41278114456747544
dir0.1,fedavg,45,100,0.39903511564394684
dir0.1,fedprox,45,5,0.012653422750854106
dir0.1,fedprox,45,10,0.10323327086909989
dir0.1,fedprox,45,15,0.17800649950111785
dir0.1,fedprox,45,20,0.19354230235967082
dir0.1,fedprox,45,25,0.21613671036304577
dir0.1,fedprox,45,30,0.21674272411739762
dir0.1,fedprox,45,35,0.21613219201030903
dir0.1,fedprox,45,40,0.2169840680418695
dir0.1,fedprox,45,45,0.2166870273569609
dir0.1,fedprox,45,50,0.21622350753590686
dir0.1,fedprox,45,55,0.2177380587912917
dir0.1,fedprox,45,60,0.23571660035931793
dir0.1,fedprox,45,65,0.26388213240422786
dir0.1,fedprox,45,70,0.2810721648622481
dir0.1,fedprox,45,75,0.32744566963391913
dir0.1,fedprox,45,80,0.3664682276744418
dir0.1,fedprox,45,85,0.3542024828308311
dir0.1,fedprox,45,90,0.395960776333586
dir0.1,fedprox,45,95,0.40394199152570687
dir0.1,fedprox,45,100,0.3921155511739141
dir0.1,scaffold,45,5,0.06982926994263326
dir0.1,scaffold,45,10,0.07110658618717844
dir0.1,scaffold,45,15,0.07053412197681846
dir0.1,scaffold,45,20,0.06987827979147633
dir0.1,scaffold,45,25,0.13641462138169005
dir0.1,scaffold,45,30,0.13344529522990448
dir0.1,scaffold,45,35,0.12957163943140163
dir0.1,scaffold,45,40,0.17179177983475952
dir0.1,scaffold,45,45,0.20343280033992342
dir0.1,scaffold,45,50,0.19844215908521737
dir0.1,scaffold,45,55,0.1474233226612784
dir0.1,scaffold,45,60,0.1475553697383813
dir0.1,scaffold,45,65,0.18893602250357283
dir0.1,scaffold,45,70,0.21529564008750565
dir0.1,scaffold,45,75,0.21717117292361834
dir0.1,scaffold,45,80,0.22899255894949475
dir0.1,scaffold,45,85,0.23859203473471924
dir0.1,scaffold,45,90,0.25066344423722436
dir0.1,scaffold,45,95,0.3185802247307952
dir0.1,scaffold,45,100,0.29870480709973984
dir0.1,fltrust,45,5,0.03273299124548614
dir0.1,fltrust,45,10,0.012653422750854106
dir0.1,fltrust,45,15,0.012653422750854106
dir0.1,fltrust,45,20,0.012695188523549573
dir0.1,fltrust,45,25,0.10107599282484468
dir0.1,fltrust,45,30,0.06140455300686047
dir0.1,fltrust,45,35,0.0671923260720869
dir0.1,fltrust,45,40,0.07391432880974655
dir0.1,fltrust,45,45,0.0819191761689734
dir0.1,fltrust,45,50,0.08466095878740966
dir0.1,fltrust,45,55,0.09008868619567778
dir0.1,fltrust,45,60,0.09415983300575262
dir0.1,fltrust,45,65,0.0913025446061157
dir0.1,fltrust,45,70,0.09348881585620289
dir0.1,fltrust,45,75,0.09204800934518259
dir0.1,fltrust,45,80,0.09659782633565168
dir0.1,fltrust,45,85,0.09194559295513538
dir0.1,fltrust,45,90,0.1433953388864093
dir0.1,fltrust,45,95,0.0916658174959631
dir0.1,fltrust,45,100,0.0983417089272384
dir0.1,raa,45,5,0.06672682546674347
dir0.1,raa,45,10,0.11794918575511398
dir0.1,raa,45,15,0.12056298531662991
dir0.1,raa,45,20,0.12343729851359607
dir0.1,raa,45,25,0.16023558231368773
dir0.1,raa,45,30,0.16715951837867055
dir0.1,raa,45,35,0.2251788844205795
dir0.1,raa,45,40,0.2583186377322547
dir0.1,raa,45,45,0.2688717068439651
dir0.1,raa,45,50,0.26933709016172125
dir0.1,raa,45,55,0.2697007626587968
dir0.1,raa,45,60,0.27165194982821805
dir0.1,raa,45,65,0.274273853227034
dir0.1,raa,45,70,0.28099263339315567
dir0.1,raa,45,75,0.287622993471615
dir0.1,raa,45,80,0.2945628333359045
dir0.1,raa,45,85,0.2932491923158323
dir0.1,raa,45,90,0.29683372750613796
dir0.1,raa,45,95,0.3046847525309739
dir0.1,raa,45,100,0.30141771286134694
dir0.1,fedavg,46,5,0.033109740933078544
dir0.1,fedavg,46,10,0.06320377355148346
dir0.1,fedavg,46,15,0.11832863727294694
dir0.1,fedavg,46,20,0.12816099114729462
dir0.1,fedavg,46,25,0.1655723500718166
dir0.1,fedavg,46,30,0.20138822544696475
dir0.1,fedavg,46,35,0.20505003796196913
dir0.1,fedavg,46,40,0.21179715522119602
dir0.1,fedavg,46,45,0.21820476880941284
dir0.1,fedavg,46,50,0.22544125502408616
dir0.1,fedavg,46,55,0.22478316064068166
dir0.1,fedavg,46,60,0.22858888875726227
dir0.1,fedavg,46,65,0.23387061450714738
dir0.1,fedavg,46,70,0.23014340378081116
dir0.1,fedavg,46,75,0.23328630686130017
dir0.1,fedavg,46,80,0.23120383338331607
dir0.1,fedavg,46,85,0.23122695813776672
dir0.1,fedavg,46,90,0.23069328288159643
dir0.1,fedavg,46,95,0.30758607231194224
dir0.1,fedavg,46,100,0.3166922697721078
dir0.1,fedprox,46,5,0.033137055288490695
dir0.1,fedprox,46,10,0.059827227007097576
dir0.1,fedprox,46,15,0.11829979401475559
dir0.1,fedprox,46,20,0.12949236291732502
dir0.1,fedprox,46,25,0.15941972378607427
dir0.1,fedprox,46,30,0.20099272426154954
dir0.1,fedprox,46,35,0.20372567703495525
dir0.1,fedprox,46,40,0.21124304104741987
dir0.1,fedprox,46,45,0.21739516840594417
dir0.1,fedprox,46,50,0.22395987323486788
dir0.1,fedprox,46,55,0.22373784766868482
dir0.1,fedprox,46,60,0.22897711601120702
dir0.1,fedprox,46,65,0.23680994174556222
dir0.1,fedprox,46,70,0.22974242274228335
dir0.1,fedprox,46,75,0.23343632995981142
dir0.1,fedprox,46,80,0.23124073419145563
dir0.1,fedprox,46,85,0.23144048474670556
dir0.1,fedprox,46,90,0.23059835579970323
dir0.1,fedprox,46,95,0.23605883686914775
dir0.1,fedprox,46,100,0.30784934772544925
dir0.1,scaffold,46,5,0.05896756371262131
dir0.1,scaffold,46,10,0.07483151683069707
dir0.1,scaffold,46,15,0.07434593421446746
dir0.1,scaffold,46,20,0.07276876042161438
dir0.1,scaffold,46,25,0.12104266285623894
dir0.1,scaffold,46,30,0.14411448506129815
dir0.1,scaffold,46,35,0.14595736507153165
dir0.1,scaffold,46,40,0.16222353424140049
dir0.1,scaffold,46,45,0.2311162814983208
dir0.1,scaffold,46,50,0.22766686646173084
dir0.1,scaffold,46,55,0.22007134678401824
dir0.1,scaffold,46,60,0.2189159726529565
dir0.1,scaffold,46,65,0.2201282765160942
dir0.1,scaffold,46,70,0.2516021723510159
dir0.1,scaffold,46,75,0.26911883710818707
dir0.1,scaffold,46,80,0.31691691077038775
dir0.1,scaffold,46,85,0.2765724560976439
dir0.1,scaffold,46,90,0.3130787841739152
dir0.1,scaffold,46,95,0.3473823961771176
dir0.1,scaffold,46,100,0.3443269773436631
dir0.1,fltrust,46,5,0.03858066990370109
dir0.1,fltrust,46,10,0.03904711742925879
dir0.1,fltrust,46,15,0.038176901423572315
dir0.1,fltrust,46,20,0.03929813646151033
dir0.1,fltrust,46,25,0.03953816336289267
dir0.1,fltrust,46,30,0.039551986025670234
dir0.1,fltrust,46,35,0.046875670301983384
dir0.1,fltrust,46,40,0.04782690653046806
dir0.1,fltrust,46,45,0.049184409380496924
dir0.1,fltrust,46,50,0.06011902738241404
dir0.1,fltrust,46,55,0.06119057223472842
dir0.1,fltrust,46,60,0.07174123170205209
dir0.1,fltrust,46,65,0.0799635924614872
dir0.1,fltrust,46,70,0.13156442975026425
dir0.1,fltrust,46,75,0.1271633891578844
dir0.1,fltrust,46,80,0.16631771819232843
dir0.1,fltrust,46,85,0.17271171374000832
dir0.1,fltrust,46,90,0.18208073028584756
dir0.1,fltrust,46,95,0.14427109993115245
dir0.1,fltrust,46,100,0.16958289441850125
dir0.1,raa,46,5,0.029429977300433886
dir0.1,raa,46,10,0.05687257708281845
dir0.1,raa,46,15,0.06425251128363339
dir0.1,raa,46,20,0.06971984132078353
dir0.1,raa,46,25,0.11293342046458367
dir0.1,raa,46,30,0.13241933094642996
dir0.1,raa,46,35,0.13419518720705997
dir0.1,raa,46,40,0.13824332536499812
dir0.1,raa,46,45,0.1388170366417061
dir0.1,raa,46,50,0.13977788501892321
dir0.1,raa,46,55,0.14030116114728097
dir0.1,raa,46,60,0.20639150749800214
dir0.1,raa,46,65,0.2075365321147417
dir0.1,raa,46,70,0.14627655972134926
dir0.1,raa,46,75,0.21377497678956853
dir0.1,raa,46,80,0.21302924591110675
dir0.1,raa,46,85,0.2273422931667266
dir0.1,raa,46,90,0.21618874528637994
dir0.1,raa,46,95,0.23413271944952768
dir0.1,raa,46,100,0.2364096312442109
dir1.0,fedavg,42,5,0.0323515376083718
dir1.0,fedavg,42,10,0.11793779997326001
dir1.0,fedavg,42,15,0.15556249675576436
dir1.0,fedavg,42,20,0.16665337052208254
dir1.0,fedavg,42,25,0.26243166329743123
dir1.0,fedavg,42,30,0.28962151823120147
dir1.0,fedavg,42,35,0.2975382967588985
dir1.0,fedavg,42,40,0.3103230640260993
dir1.0,fedavg,42,45,0.3136971149998312
dir1.0,fedavg,42,50,0.32612925921827635
dir1.0,fedavg,42,55,0.37024371433345493
dir1.0,fedavg,42,60,0.4068013019785083
dir1.0,fedavg,42,65,0.4196313276176245
dir1.0,fedavg,42,70,0.4208264412087674
dir1.0,fedavg,42,75,0.43625556247122366
dir1.0,fedavg,42,80,0.4768897930544347
dir1.0,fedavg,42,85,0.48006792040822605
dir1.0,fedavg,42,90,0.4838772669697396
dir1.0,fedavg,42,95,0.4859390321666908
dir1.0,fedavg,42,100,0.49165187881794536
dir1.0,fedprox,42,5,0.033079134571321986
dir1.0,fedprox,42,10,0.11781887210210398
dir1.0,fedprox,42,15,0.15807498981722692
dir1.0,fedprox,42,20,0.16459604565747885
dir1.0,fedprox,42,25,0.2577145388194318
dir1.0,fedprox,42,30,0.2880287681325661
dir1.0,fedprox,42,35,0.2957806034352741
dir1.0,fedprox,42,40,0.308781389016876
dir1.0,fedprox,42,45,0.31369264807671304
dir1.0,fedprox,42,50,0.31643530696117356
dir1.0,fedprox,42,55,0.368727039844601
dir1.0,fedprox,42,60,0.3983179496243018
dir1.0,fedprox,42,65,0.41821317192368385
dir1.0,fedprox,42,70,0.41993930940856516
dir1.0,fedprox,42,75,0.43727551246784935
dir1.0,fedprox,42,80,0.4775181476371261
dir1.0,fedprox,42,85,0.478526197581492
dir1.0,fedprox,42,90,0.4822702598617669
dir1.0,fedprox,42,95,0.48437194494702934
dir1.0,fedprox,42,100,0.49011230544904805
dir1.0,scaffold,42,5,0.026145924035516143
dir1.0,scaffold,42,10,0.1017488126423301
dir1.0,scaffold,42,15,0.17505291688327038
dir1.0,scaffold,42,20,0.17942542152365873
dir1.0,scaffold,42,25,0.24662034089652538
dir1.0,scaffold,42,30,0.32392883423462737
dir1.0,scaffold,42,35,0.31678109346577954
dir1.0,scaffold,42,40,0.3188323126498334
dir1.0,scaffold,42,45,0.3264673703989211
dir1.0,scaffold,42,50,0.33198954156247223
dir1.0,scaffold,42,55,0.3332460070238251
dir1.0,scaffold,42,60,0.38808469508894666
dir1.0,scaffold,42,65,0.4015666659323671
dir1.0,scaffold,42,70,0.42476789379399693
dir1.0,scaffold,42,75,0.45389121156955026
dir1.0,scaffold,42,80,0.46247381621083417
dir1.0,scaffold,42,85,0.4728294124870303
dir1.0,scaffold,42,90,0.4781390559170434
dir1.0,scaffold,42,95,0.4786709657213816
dir1.0,scaffold,42,100,0.4752420241150322
dir1.0,fltrust,42,5,0.027725486438041493
dir1.0,fltrust,42,10,0.04656348346179409
dir1.0,fltrust,42,15,0.04106513278721951
dir1.0,fltrust,42,20,0.05107039963549047
dir1.0,fltrust,42,25,0.06262126974884553
dir1.0,fltrust,42,30,0.09005392776318127
dir1.0,fltrust,42,35,0.16344887840147798
dir1.0,fltrust,42,40,0.16482802237012523
dir1.0,fltrust,42,45,0.16910370617332518
dir1.0,fltrust,42,50,0.17148725945320345
dir1.0,fltrust,42,55,0.17308947060308924
dir1.0,fltrust,42,60,0.17182716115925195
dir1.0,fltrust,42,65,0.20242704584927118
dir1.0,fltrust,42,70,0.18470951864634874
dir1.0,fltrust,42,75,0.2046956085852517
dir1.0,fltrust,42,80,0.2061382322453404
dir1.0,fltrust,42,85,0.23041297363220895
dir1.0,fltrust,42,90,0.2482500621094878
dir1.0,fltrust,42,95,0.25321581489659
dir1.0,fltrust,42,100,0.2558310946390686
dir1.0,raa,42,5,0.05157103745072697
dir1.0,raa,42,10,0.18686564953198687
dir1.0,raa,42,15,0.17473583232776824
dir1.0,raa,42,20,0.22035018222371563
dir1.0,raa,42,25,0.27618664734236886
dir1.0,raa,42,30,0.29002773305769536
dir1.0,raa,42,35,0.2958210813732708
dir1.0,raa,42,40,0.3073427795148038
dir1.0,raa,42,45,0.31435754816563655
dir1.0,raa,42,50,0.3255903430161586
dir1.0,raa,42,55,0.3687061942707866
dir1.0,raa,42,60,0.38940741332118695
dir1.0,raa,42,65,0.40962729699236744
dir1.0,raa,42,70,0.4136472810104393
dir1.0,raa,42,75,0.42897160754012476
dir1.0,raa,42,80,0.43210479554807346
dir1.0,raa,42,85,0.47933069790949995
dir1.0,raa,42,90,0.4836498494893997
dir1.0,raa,42,95,0.4855800664894654
dir1.0,raa,42,100,0.4903760639223049
dir1.0,fedavg,43,5,0.05110988385003006
dir1.0,fedavg,43,10,0.07608346844763589
dir1.0,fedavg,43,15,0.14771396641228624
dir1.0,fedavg,43,20,0.23756867696117911
dir1.0,fedavg,43,25,0.2614904952895591
dir1.0,fedavg,43,30,0.25744291099407707
dir1.0,fedavg,43,35,0.26283508746452233
dir1.0,fedavg,43,40,0.27596273663013837
dir1.0,fedavg,43,45,0.2987822212333968
dir1.0,fedavg,43,50,0.3760439536606554
dir1.0,fedavg,43,55,0.41200698839191274
dir1.0,fedavg,43,60,0.4701244041471243
dir1.0,fedavg,43,65,0.48476346194623593
dir1.0,fedavg,43,70,0.493565998600315
dir1.0,fedavg,43,75,0.4985037495018851
dir1.0,fedavg,43,80,0.5000332350507762
dir1.0,fedavg,43,85,0.5127839156496357
dir1.0,fedavg,43,90,0.5214403079815076
dir1.0,fedavg,43,95,0.5127833142814953
dir1.0,fedavg,43,100,0.5227184994865619
dir1.0,fedprox,43,5,0.05169982970262568
dir1.0,fedprox,43,10,0.07586127910162745
dir1.0,fedprox,43,15,0.08630834600255195
dir1.0,fedprox,43,20,0.21005873149829846
dir1.0,fedprox,43,25,0.26362646954631885
dir1.0,fedprox,43,30,0.2572221783482018
dir1.0,fedprox,43,35,0.26123375349950717
dir1.0,fedprox,43,40,0.27466420605328007
dir1.0,fedprox,43,45,0.29586374418263794
dir1.0,fedprox,43,50,0.31809909975836415
dir1.0,fedprox,43,55,0.40666394369998093
dir1.0,fedprox,43,60,0.4617366184949559
dir1.0,fedprox,43,65,0.4824265102852171
dir1.0,fedprox,43,70,0.490508244721846
dir1.0,fedprox,43,75,0.4975584945474808
dir1.0,fedprox,43,80,0.49837247394741485
dir1.0,fedprox,43,85,0.5107252853623157
dir1.0,fedprox,43,90,0.518945931103999
dir1.0,fedprox,43,95,0.5105539118015299
dir1.0,fedprox,43,100,0.5216740343629659
dir1.0,scaffold,43,5,0.0546891376597259
dir1.0,scaffold,43,10,0.11349097530252958
dir1.0,scaffold,43,15,0.10949502104208501
dir1.0,scaffold,43,20,0.1600219262459682
dir1.0,scaffold,43,25,0.2658755465193774
dir1.0,scaffold,43,30,0.23527879091360393
dir1.0,scaffold,43,35,0.24027820079675824
dir1.0,scaffold,43,40,0.29383064948923027
dir1.0,scaffold,43,45,0.30546662757508575
dir1.0,scaffold,43,50,0.2991000715472197
dir1.0,scaffold,43,55,0.3097998092739453
dir1.0,scaffold,43,60,0.31778537711860605
dir1.0,scaffold,43,65,0.3635059112846019
dir1.0,scaffold,43,70,0.4387457914258156
dir1.0,scaffold,43,75,0.45483479131204635
dir1.0,scaffold,43,80,0.459811269870451
dir1.0,scaffold,43,85,0.4841020109619231
dir1.0,scaffold,43,90,0.4908642541014044
dir1.0,scaffold,43,95,0.5017957017271717
dir1.0,scaffold,43,100,0.5097409011164157
dir1.0,fltrust,43,5,0.03485594794358353
dir1.0,fltrust,43,10,0.04540992649598527
dir1.0,fltrust,43,15,0.08220370424300348
dir1.0,fltrust,43,20,0.07133418925680407
dir1.0,fltrust,43,25,0.11228932134564445
dir1.0,fltrust,43,30,0.17176761734744472
dir1.0,fltrust,43,35,0.16522359317252416
dir1.0,fltrust,43,40,0.16078668075411182
dir1.0,fltrust,43,45,0.1660799773923298
dir1.0,fltrust,43,50,0.13842913019386666
dir1.0,fltrust,43,55,0.13884176589624572
dir1.0,fltrust,43,60,0.1911697254007718
dir1.0,fltrust,43,65,0.19933501738582773
dir1.0,fltrust,43,70,0.20291794036398111
dir1.0,fltrust,43,75,0.20888619875565664
dir1.0,fltrust,43,80,0.2125329885753565
dir1.0,fltrust,43,85,0.22303268761105952
dir1.0,fltrust,43,90,0.22821577721525005
dir1.0,fltrust,43,95,0.22418206190564566
dir1.0,fltrust,43,100,0.22558888732988483
dir1.0,raa,43,5,0.040271561827645776
dir1.0,raa,43,10,0.07900154089850957
dir1.0,raa,43,15,0.16751286085756145
dir1.0,raa,43,20,0.20650757779185533
dir1.0,raa,43,25,0.25014048035045156
dir1.0,raa,43,30,0.25889019657446316
dir1.0,raa,43,35,0.26130730085130455
dir1.0,raa,43,40,0.2743060572460236
dir1.0,raa,43,45,0.29277630116547065
dir1.0,raa,43,50,0.3126697090838654
dir1.0,raa,43,55,0.40236318889411976
dir1.0,raa,43,60,0.46073501055226984
dir1.0,raa,43,65,0.47682311512150116
dir1.0,raa,43,70,0.48853753697546826
dir1.0,raa,43,75,0.493727915349442
dir1.0,raa,43,80,0.4963543646810622
dir1.0,raa,43,85,0.5050771239412594
dir1.0,raa,43,90,0.5141830220935495
dir1.0,raa,43,95,0.507673454564664
dir1.0,raa,43,100,0.5159160607010288
dir1.0,fedavg,44,5,0.0478033628786101
dir1.0,fedavg,44,10,0.07977488401235439
dir1.0,fedavg,44,15,0.13307342473876493
dir1.0,fedavg,44,20,0.19313696141343448
dir1.0,fedavg,44,25,0.19598736046775977
dir1.0,fedavg,44,30,0.27323103969942575
dir1.0,fedavg,44,35,0.28444866548864906
dir1.0,fedavg,44,40,0.28899913770268265
dir1.0,fedavg,44,45,0.3013116593413266
dir1.0,fedavg,44,50,0.3099997088259291
dir1.0,fedavg,44,55,0.31332365195947703
dir1.0,fedavg,44,60,0.31982041922032045
dir1.0,fedavg,44,65,0.3257197539158806
dir1.0,fedavg,44,70,0.43885591929023055
dir1.0,fedavg,44,75,0.4186056755464181
dir1.0,fedavg,44,80,0.4638527055949358
dir1.0,fedavg,44,85,0.4521884335421629
dir1.0,fedavg,44,90,0.4498595281074183
dir1.0,fedavg,44,95,0.5015941635841062
dir1.0,fedavg,44,100,0.4943145374835248
dir1.0,fedprox,44,5,0.04459250126293825
dir1.0,fedprox,44,10,0.07636475264016274
dir1.0,fedprox,44,15,0.1334901334441515
dir1.0,fedprox,44,20,0.1934568853966405
dir1.0,fedprox,44,25,0.19567610563848759
dir1.0,fedprox,44,30,0.20469888482970644
dir1.0,fedprox,44,35,0.28655451120779873
dir1.0,fedprox,44,40,0.297859266190171
dir1.0,fedprox,44,45,0.3007357362136491
dir1.0,fedprox,44,50,0.30851490107042534
dir1.0,fedprox,44,55,0.31170098623916126
dir1.0,fedprox,44,60,0.3198501671550908
dir1.0,fedprox,44,65,0.3215677953031743
dir1.0,fedprox,44,70,0.43422150258533354
dir1.0,fedprox,44,75,0.41319489607958804
dir1.0,fedprox,44,80,0.461060759504351
dir1.0,fedprox,44,85,0.45478297711355986
dir1.0,fedprox,44,90,0.4496691914197602
dir1.0,fedprox,44,95,0.4987914919308173
dir1.0,fedprox,44,100,0.4922783075566721
dir1.0,scaffold,44,5,0.04268289899182043
dir1.0,scaffold,44,10,0.09547337786104876
dir1.0,scaffold,44,15,0.1705060279880944
dir1.0,scaffold,44,20,0.1617410157932571
dir1.0,scaffold,44,25,0.2707169761901121
dir1.0,scaffold,44,30,0.2219121650570888
dir1.0,scaffold,44,35,0.2813164942417112
dir1.0,scaffold,44,40,0.2868165967400189
dir1.0,scaffold,44,45,0.3474695667812001
dir1.0,scaffold,44,50,0.35581073999090623
dir1.0,scaffold,44,55,0.3682288197701528
dir1.0,scaffold,44,60,0.4010184589975509
dir1.0,scaffold,44,65,0.41008201073723355
dir1.0,scaffold,44,70,0.4401183758134787
dir1.0,scaffold,44,75,0.45252512257952826
dir1.0,scaffold,44,80,0.4770631251108293
dir1.0,scaffold,44,85,0.47393902403419125
dir1.0,scaffold,44,90,0.4824998885218203
dir1.0,scaffold,44,95,0.49071527073707366
dir1.0,scaffold,44,100,0.49515922188132533
dir1.0,fltrust,44,5,0.052888686677032136
dir1.0,fltrust,44,10,0.049844630324457476
dir1.0,fltrust,44,15,0.04745981907631885
dir1.0,fltrust,44,20,0.09270207653302816
dir1.0,fltrust,44,25,0.14895739816211187
dir1.0,fltrust,44,30,0.1788972613817605
dir1.0,fltrust,44,35,0.1659960381185437
dir1.0,fltrust,44,40,0.17012935464523884
dir1.0,fltrust,44,45,0.22063616962905813
dir1.0,fltrust,44,50,0.23812943212273707
dir1.0,fltrust,44,55,0.22190420125091068
dir1.0,fltrust,44,60,0.2169447127188346
dir1.0,fltrust,44,65,0.2233542667545128
dir1.0,fltrust,44,70,0.2213348163142815
dir1.0,fltrust,44,75,0.22515927165699504
dir1.0,fltrust,44,80,0.22661081708499894
dir1.0,fltrust,44,85,0.2557642128951967
dir1.0,fltrust,44,90,0.27312509634151266
dir1.0,fltrust,44,95,0.277746906772139
dir1.0,fltrust,44,100,0.28652851973052534
dir1.0,raa,44,5,0.03975004805326711
dir1.0,raa,44,10,0.09193888935217222
dir1.0,raa,44,15,0.22389989845853717
dir1.0,raa,44,20,0.1850109587616912
dir1.0,raa,44,25,0.2838687764715557
dir1.0,raa,44,30,0.2920736423013608
dir1.0,raa,44,35,0.295728322284654
dir1.0,raa,44,40,0.3154159517345489
dir1.0,raa,44,45,0.3253558045444353
dir1.0,raa,44,50,0.33544561142159957
dir1.0,raa,44,55,0.37758877325487267
dir1.0,raa,44,60,0.3837633819279759
dir1.0,raa,44,65,0.4050495157170388
dir1.0,raa,44,70,0.4381205582161302
dir1.0,raa,44,75,0.4352159823788819
dir1.0,raa,44,80,0.49908321586755666
dir1.0,raa,44,85,0.5037326754371393
dir1.0,raa,44,90,0.5098064931823855
dir1.0,raa,44,95,0.5108393487005137
dir1.0,raa,44,100,0.5181563504746546
dir1.0,fedavg,45,5,0.058845669621546595
dir1.0,fedavg,45,10,0.10446151214213413
dir1.0,fedavg,45,15,0.12846552286405086
dir1.0,fedavg,45,20,0.13825824464560027
dir1.0,fedavg,45,25,0.26981900124668634
dir1.0,fedavg,45,30,0.28439646487383613
dir1.0,fedavg,45,35,0.2989205513257114
dir1.0,fedavg,45,40,0.30463344354905075
dir1.0,fedavg,45,45,0.32669808698461705
dir1.0,fedavg,45,50,0.36757380998632694
dir1.0,fedavg,45,55,0.27493984182327946
dir1.0,fedavg,45,60,0.4113086212443768
dir1.0,fedavg,45,65,0.4565499236891508
dir1.0,fedavg,45,70,0.46795999321626724
dir1.0,fedavg,45,75,0.4727288562158961
dir1.0,fedavg,45,80,0.4835629472522384
dir1.0,fedavg,45,85,0.4923233562530871
dir1.0,fedavg,45,90,0.4964650439647211
dir1.0,fedavg,45,95,0.5015728815807453
dir1.0,fedavg,45,100,0.5094727819681937
dir1.0,fedprox,45,5,0.059217673516514184
dir1.0,fedprox,45,10,0.10440541280758309
dir1.0,fedprox,45,15,0.1286186995632867
dir1.0,fedprox,45,20,0.136213149697892
dir1.0,fedprox,45,25,0.26647222911405044
dir1.0,fedprox,45,30,0.28135676193237
dir1.0,fedprox,45,35,0.2977106471025675
dir1.0,fedprox,45,40,0.3032031547434144
dir1.0,fedprox,45,45,0.31749652714928545
dir1.0,fedprox,45,50,0.3672107635957766
dir1.0,fedprox,45,55,0.2735168771756652
dir1.0,fedprox,45,60,0.40947600998233025
dir1.0,fedprox,45,65,0.4528875907432476
dir1.0,fedprox,45,70,0.46585126463286614
dir1.0,fedprox,45,75,0.47043710807281724
dir1.0,fedprox,45,80,0.48076927952053006
dir1.0,fedprox,45,85,0.49057391576833065
dir1.0,fedprox,45,90,0.4952524564068182
dir1.0,fedprox,45,95,0.5002507346152643
dir1.0,fedprox,45,100,0.5081025330962601
dir1.0,scaffold,45,5,0.05117727598031071
dir1.0,scaffold,45,10,0.09059258355009464
dir1.0,scaffold,45,15,0.17228895037721115
dir1.0,scaffold,45,20,0.21908775152878926
dir1.0,scaffold,45,25,0.21798786567964268
dir1.0,scaffold,45,30,0.2780335980753723
dir1.0,scaffold,45,35,0.2884262577272301
dir1.0,scaffold,45,40,0.3030918370835388
dir1.0,scaffold,45,45,0.32287519961852357
dir1.0,scaffold,45,50,0.3315483707604609
dir1.0,scaffold,45,55,0.2795166059172402
dir1.0,scaffold,45,60,0.36077892587195076
dir1.0,scaffold,45,65,0.40604212531354344
dir1.0,scaffold,45,70,0.4292472751971696
dir1.0,scaffold,45,75,0.4749108090251341
dir1.0,scaffold,45,80,0.4846431542958574
dir1.0,scaffold,45,85,0.498602794386442
dir1.0,scaffold,45,90,0.5030680823014758
dir1.0,scaffold,45,95,0.5105716971788419
dir1.0,scaffold,45,100,0.5146414093436932
dir1.0,fltrust,45,5,0.08927590247470617
dir1.0,fltrust,45,10,0.04685512588011611
dir1.0,fltrust,45,15,0.04222772662571967
dir1.0,fltrust,45,20,0.06475871583146076
dir1.0,fltrust,45,25,0.08244713447806416
dir1.0,fltrust,45,30,0.09797559992796649
dir1.0,fltrust,45,35,0.15904172105887507
dir1.0,fltrust,45,40,0.13860184093352565
dir1.0,fltrust,45,45,0.12417657449509754
dir1.0,fltrust,45,50,0.12759255596697996
dir1.0,fltrust,45,55,0.12803948911034937
dir1.0,fltrust,45,60,0.12970578077554706
dir1.0,fltrust,45,65,0.12953727488527791
dir1.0,fltrust,45,70,0.19525554025482456
dir1.0,fltrust,45,75,0.1962924524826889
dir1.0,fltrust,45,80,0.19704119912380993
dir1.0,fltrust,45,85,0.20025344661834052
dir1.0,fltrust,45,90,0.20418061151855163
dir1.0,fltrust,45,95,0.24913017921989183
dir1.0,fltrust,45,100,0.25846060324523995
dir1.0,raa,45,5,0.040753616121601034
dir1.0,raa,45,10,0.09204643722234333
dir1.0,raa,45,15,0.12829017560721045
dir1.0,raa,45,20,0.190953620281063
dir1.0,raa,45,25,0.27352050917557125
dir1.0,raa,45,30,0.2827908235793423
dir1.0,raa,45,35,0.2909272603639655
dir1.0,raa,45,40,0.3047369194697112
dir1.0,raa,45,45,0.34239662917345426
dir1.0,raa,45,50,0.36624203965593416
dir1.0,raa,45,55,0.29332450571710283
dir1.0,raa,45,60,0.41718813210153166
dir1.0,raa,45,65,0.45179365158351925
dir1.0,raa,45,70,0.46430598807783824
dir1.0,raa,45,75,0.47126270055062514
dir1.0,raa,45,80,0.4814817670732269
dir1.0,raa,45,85,0.4917878580486202
dir1.0,raa,45,90,0.4947620565264783
dir1.0,raa,45,95,0.5035976206143427
dir1.0,raa,45,100,0.509300219905636
dir1.0,fedavg,46,5,0.0615096271143956
dir1.0,fedavg,46,10,0.11912449859015149
dir1.0,fedavg,46,15,0.16483363755181785
dir1.0,fedavg,46,20,0.2932231452170661
dir1.0,fedavg,46,25,0.3142220874132339
dir1.0,fedavg,46,30,0.3162200361260584
dir1.0,fedavg,46,35,0.314854262036546
dir1.0,fedavg,46,40,0.3355861481459507
dir1.0,fedavg,46,45,0.3438448978334394
dir1.0,fedavg,46,50,0.3528629110756062
dir1.0,fedavg,46,55,0.3974633021194542
dir1.0,fedavg,46,60,0.3922618820638072
dir1.0,fedavg,46,65,0.45058986698659786
dir1.0,fedavg,46,70,0.4929118779400538
dir1.0,fedavg,46,75,0.5008523403218791
dir1.0,fedavg,46,80,0.4318386093958593
dir1.0,fedavg,46,85,0.5098835839244528
dir1.0,fedavg,46,90,0.5095908062076794
dir1.0,fedavg,46,95,0.444692473485149
dir1.0,fedavg,46,100,0.5181715840630831
dir1.0,fedprox,46,5,0.05998739204360479
dir1.0,fedprox,46,10,0.11863047421551497
dir1.0,fedprox,46,15,0.16351207930829553
dir1.0,fedprox,46,20,0.29235214336892007
dir1.0,fedprox,46,25,0.31330342730041266
dir1.0,fedprox,46,30,0.31447611160620237
dir1.0,fedprox,46,35,0.31361092487843756
dir1.0,fedprox,46,40,0.3334472077372847
dir1.0,fedprox,46,45,0.34169818631792215
dir1.0,fedprox,46,50,0.3508327487764567
dir1.0,fedprox,46,55,0.39509522240824047
dir1.0,fedprox,46,60,0.3913822202313354
dir1.0,fedprox,46,65,0.44758056620496556
dir1.0,fedprox,46,70,0.48974990807802904
dir1.0,fedprox,46,75,0.5002436317577692
dir1.0,fedprox,46,80,0.4304239300967641
dir1.0,fedprox,46,85,0.5084115124666325
dir1.0,fedprox,46,90,0.5051299443833328
dir1.0,fedprox,46,95,0.44365947172590464
dir1.0,fedprox,46,100,0.5161206639689327
dir1.0,scaffold,46,5,0.033995257053121376
dir1.0,scaffold,46,10,0.08079135494226523
dir1.0,scaffold,46,15,0.2588590526769328
dir1.0,scaffold,46,20,0.27648750431672514
dir1.0,scaffold,46,25,0.2793928287104571
dir1.0,scaffold,46,30,0.2800360208341824
dir1.0,scaffold,46,35,0.2876034156674304
dir1.0,scaffold,46,40,0.2977201641563808
dir1.0,scaffold,46,45,0.2971901817802998
dir1.0,scaffold,46,50,0.3074252336699327
dir1.0,scaffold,46,55,0.32692403875639514
dir1.0,scaffold,46,60,0.330666871847351
dir1.0,scaffold,46,65,0.3333469447427179
dir1.0,scaffold,46,70,0.4408455596858325
dir1.0,scaffold,46,75,0.4276713920361067
dir1.0,scaffold,46,80,0.4240644329963939
dir1.0,scaffold,46,85,0.4742744077238083
dir1.0,scaffold,46,90,0.47201836717246093
dir1.0,scaffold,46,95,0.4720811416009587
dir1.0,scaffold,46,100,0.46131551103010104
dir1.0,fltrust,46,5,0.03503039901943741
dir1.0,fltrust,46,10,0.033503838540600156
dir1.0,fltrust,46,15,0.05549818063916447
dir1.0,fltrust,46,20,0.07716385496903083
dir1.0,fltrust,46,25,0.18133253855179046
dir1.0,fltrust,46,30,0.17802420540883998
dir1.0,fltrust,46,35,0.1625097170212184
dir1.0,fltrust,46,40,0.17846152045256683
dir1.0,fltrust,46,45,0.24686603525210157
dir1.0,fltrust,46,50,0.25368030245784856
dir1.0,fltrust,46,55,0.2734062074088419
dir1.0,fltrust,46,60,0.28551774721928386
dir1.0,fltrust,46,65,0.2681259501673246
dir1.0,fltrust,46,70,0.29601421788603893
dir1.0,fltrust,46,75,0.2940241965394363
dir1.0,fltrust,46,80,0.28875819718314766
dir1.0,fltrust,46,85,0.29295937872704564
dir1.0,fltrust,46,90,0.2945570232307154
dir1.0,fltrust,46,95,0.2913278724213395
dir1.0,fltrust,46,100,0.3008744908201867
dir1.0,raa,46,5,0.046683739376473216
dir1.0,raa,46,10,0.13417658644320837
dir1.0,raa,46,15,0.2870656223899315
dir1.0,raa,46,20,0.31404895371063246
dir1.0,raa,46,25,0.3004233455032421
dir1.0,raa,46,30,0.292352037061443
dir1.0,raa,46,35,0.29741637305321633
dir1.0,raa,46,40,0.3133366285899182
dir1.0,raa,46,45,0.3211228573308338
dir1.0,raa,46,50,0.324925754504112
dir1.0,raa,46,55,0.34685146889643154
dir1.0,raa,46,60,0.3615819062617824
dir1.0,raa,46,65,0.4478278445104788
dir1.0,raa,46,70,0.4490380298543376
dir1.0,raa,46,75,0.49447947810027115
dir1.0,raa,46,80,0.49910481924434275
dir1.0,raa,46,85,0.508714344705924
dir1.0,raa,46,90,0.508798788938423
dir1.0,raa,46,95,0.4452836570194136
dir1.0,raa,46,100,0.5153916226542572
