scenario,seed,jsd,shift_auc,missing,majority,n_train,anchor
dir0.1,42,0.8754898401428003,0.8988856655901463,0,0.012651821862348178,33382,7153
iid,46,0.03752936601646466,0.4963768244170096,0,0.012651821862348178,33382,7153
temporal,46,0.8932128832530222,0.9455280412929046,0,0.012651821862348178,33382,7153
dir1.0,46,0.5354134710298908,0.7220802409459474,0,0.012651821862348178,33382,7153
temporal,42,0.8923349179728391,0.9485957429908783,0,0.012651821862348178,33382,7153
dir1.0,45,0.5308911947802668,0.71114085363632,0,0.012651821862348178,33382,7153
dir0.5,43,0.6176591564649574,0.7595885420753314,0,0.012651821862348178,33382,7153
dir0.1,46,0.896248231802151,0.916835203951168,0,0.012651821862348178,33382,7153
dir0.5,46,0.6603741931238988,0.7646944185962917,0,0.012651821862348178,33382,7153
temporal,45,0.8929714657036311,0.9459782410499631,0,0.012651821862348178,33382,7153
dir0.1,45,0.8434022729630666,0.8803403851530074,0,0.012651821862348178,33382,7153
iid,44,0.03956705619134286,0.505016426611797,0,0.012651821862348178,33382,7153
dir0.5,45,0.6645846851788608,0.7765448659919001,0,0.012651821862348178,33382,7153
dir0.5,42,0.6588161356766951,0.7632387366238418,0,0.012651821862348178,33382,7153
iid,42,0.040084775761169616,0.4934162688614541,0,0.012651821862348178,33382,7153
iid,45,0.03665920362405965,0.49934300411522636,0,0.012651821862348178,33382,7153
dir1.0,42,0.544409188542512,0.7216072034610439,0,0.012651821862348178,33382,7153
dir0.1,44,0.8689467297074305,0.898176328336501,0,0.012651821862348178,33382,7153
dir1.0,43,0.50102204709457,0.6993714329109791,0,0.012651821862348178,33382,7153
dir0.5,44,0.6297882308002315,0.7682766650423399,0,0.012651821862348178,33382,7153
iid,43,0.03850399904700362,0.5042325720164609,0,0.012651821862348178,33382,7153
dir0.1,43,0.8819385377431036,0.8859004437949874,0,0.012651821862348178,33382,7153
temporal,43,0.8930553817835054,0.9489941498224905,0,0.012651821862348178,33382,7153
temporal,44,0.8929026882142308,0.9473808007615652,0,0.012651821862348178,33382,7153
dir1.0,44,0.4987865746632761,0.6978236778964895,0,0.012651821862348178,33382,7153
