scenario,strategy,seed,target,rounds
iid,fedavg,42,0.468115063261152,75.0
iid,fedavg,43,0.468115063261152,70.0
iid,fedavg,44,0.468115063261152,65.0
iid,fedavg,45,0.468115063261152,75.0
iid,fedavg,46,0.468115063261152,80.0
iid,fedprox,42,0.468115063261152,75.0
iid,fedprox,43,0.468115063261152,70.0
iid,fedprox,44,0.468115063261152,65.0
iid,fedprox,45,0.468115063261152,75.0
iid,fedprox,46,0.468115063261152,80.0
iid,scaffold,42,0.468115063261152,75.0
iid,scaffold,43,0.468115063261152,70.0
iid,scaffold,44,0.468115063261152,65.0
iid,scaffold,45,0.468115063261152,75.0
iid,scaffold,46,0.468115063261152,80.0
iid,fltrust,42,0.468115063261152,
iid,fltrust,43,0.468115063261152,
iid,fltrust,44,0.468115063261152,
iid,fltrust,45,0.468115063261152,
iid,fltrust,46,0.468115063261152,
iid,raa,42,0.468115063261152,75.0
iid,raa,43,0.468115063261152,70.0
iid,raa,44,0.468115063261152,65.0
iid,raa,45,0.468115063261152,75.0
iid,raa,46,0.468115063261152,80.0
dir1.0,fedavg,42,0.4565392707274755,80.0
dir1.0,fedavg,43,0.4565392707274755,60.0
dir1.0,fedavg,44,0.4565392707274755,80.0
dir1.0,fedavg,45,0.4565392707274755,65.0
dir1.0,fedavg,46,0.4565392707274755,70.0
dir1.0,fedprox,42,0.4565392707274755,80.0
dir1.0,fedprox,43,0.4565392707274755,60.0
dir1.0,fedprox,44,0.4565392707274755,80.0
dir1.0,fedprox,45,0.4565392707274755,70.0
dir1.0,fedprox,46,0.4565392707274755,70.0
dir1.0,scaffold,42,0.4565392707274755,80.0
dir1.0,scaffold,43,0.4565392707274755,80.0
dir1.0,scaffold,44,0.4565392707274755,80.0
dir1.0,scaffold,45,0.4565392707274755,75.0
dir1.0,scaffold,46,0.4565392707274755,85.0
dir1.0,fltrust,42,0.4565392707274755,
dir1.0,fltrust,43,0.4565392707274755,
dir1.0,fltrust,44,0.4565392707274755,
dir1.0,fltrust,45,0.4565392707274755,
dir1.0,fltrust,46,0.4565392707274755,
dir1.0,raa,42,0.4565392707274755,85.0
dir1.0,raa,43,0.4565392707274755,60.0
dir1.0,raa,44,0.4565392707274755,80.0
dir1.0,raa,45,0.4565392707274755,70.0
dir1.0,raa,46,0.4565392707274755,75.0
dir0.5,fedavg,42,0.429894776963536,95.0
dir0.5,fedavg,43,0.429894776963536,70.0
dir0.5,fedavg,44,0.429894776963536,50.0
dir0.5,fedavg,45,0.429894776963536,95.0
dir0.5,fedavg,46,0.429894776963536,60.0
dir0.5,fedprox,42,0.429894776963536,95.0
dir0.5,fedprox,43,0.429894776963536,70.0
dir0.5,fedprox,44,0.429894776963536,50.0
dir0.5,fedprox,45,0.429894776963536,95.0
dir0.5,fedprox,46,0.429894776963536,60.0
dir0.5,scaffold,42,0.429894776963536,75.0
dir0.5,scaffold,43,0.429894776963536,90.0
dir0.5,scaffold,44,0.429894776963536,75.0
dir0.5,scaffold,45,0.429894776963536,70.0
dir0.5,scaffold,46,0.429894776963536,80.0
dir0.5,fltrust,42,0.429894776963536,
dir0.5,fltrust,43,0.429894776963536,
dir0.5,fltrust,44,0.429894776963536,
dir0.5,fltrust,45,0.429894776963536,
dir0.5,fltrust,46,0.429894776963536,
dir0.5,raa,42,0.429894776963536,
dir0.5,raa,43,0.429894776963536,85.0
dir0.5,raa,44,0.429894776963536,75.0
dir0.5,raa,45,0.429894776963536,65.0
dir0.5,raa,46,0.429894776963536,70.0
dir0.1,fedavg,42,0.32266665735683847,75.0
dir0.1,fedavg,43,0.32266665735683847,100.0
dir0.1,fedavg,44,0.32266665735683847,50.0
dir0.1,fedavg,45,0.32266665735683847,75.0
dir0.1,fedavg,46,0.32266665735683847,
dir0.1,fedprox,42,0.32266665735683847,80.0
dir0.1,fedprox,43,0.32266665735683847,100.0
dir0.1,fedprox,44,0.32266665735683847,50.0
dir0.1,fedprox,45,0.32266665735683847,75.0
dir0.1,fedprox,46,0.32266665735683847,
dir0.1,scaffold,42,0.32266665735683847,95.0
dir0.1,scaffold,43,0.32266665735683847,
dir0.1,scaffold,44,0.32266665735683847,
dir0.1,scaffold,45,0.32266665735683847,
dir0.1,scaffold,46,0.32266665735683847,95.0
dir0.1,fltrust,42,0.32266665735683847,
dir0.1,fltrust,43,0.32266665735683847,
dir0.1,fltrust,44,0.32266665735683847,
dir0.1,fltrust,45,0.32266665735683847,
dir0.1,fltrust,46,0.32266665735683847,
dir0.1,raa,42,0.32266665735683847,
dir0.1,raa,43,0.32266665735683847,100.0
dir0.1,raa,44,0.32266665735683847,55.0
dir0.1,raa,45,0.32266665735683847,
dir0.1,raa,46,0.32266665735683847,
temporal,fedavg,42,0.054138849316045824,
temporal,fedavg,43,0.054138849316045824,95.0
temporal,fedavg,44,0.054138849316045824,5.0
temporal,fedavg,45,0.054138849316045824,5.0
temporal,fedavg,46,0.054138849316045824,5.0
temporal,fedprox,42,0.054138849316045824,
temporal,fedprox,43,0.054138849316045824,95.0
temporal,fedprox,44,0.054138849316045824,5.0
temporal,fedprox,45,0.054138849316045824,5.0
temporal,fedprox,46,0.054138849316045824,5.0
temporal,scaffold,42,0.054138849316045824,70.0
temporal,scaffold,43,0.054138849316045824,55.0
temporal,scaffold,44,0.054138849316045824,55.0
temporal,scaffold,45,0.054138849316045824,60.0
temporal,scaffold,46,0.054138849316045824,50.0
temporal,fltrust,42,0.054138849316045824,5.0
temporal,fltrust,43,0.054138849316045824,
temporal,fltrust,44,0.054138849316045824,10.0
temporal,fltrust,45,0.054138849316045824,20.0
temporal,fltrust,46,0.054138849316045824,10.0
temporal,raa,42,0.054138849316045824,100.0
temporal,raa,43,0.054138849316045824,80.0
temporal,raa,44,0.054138849316045824,
temporal,raa,45,0.054138849316045824,80.0
temporal,raa,46,0.054138849316045824,
