n,mean_delta,ci_low,ci_high,t_p,wilcoxon_p,d_z,wins,scenario,baseline,holm
5,-0.00035708692422546927,-0.0023828617321579953,0.0016686878837070568,0.6501773460680664,1.0,-0.21887031880537078,3,iid,fedavg,1.0
5,0.0005051564858005398,-0.0024910342767272956,0.003501347248328375,0.6640757971068744,0.625,0.20934402098899535,4,iid,fedprox,1.0
5,0.0009556265343248826,-0.0012859047872193804,0.003197157855869146,0.30207901249336333,0.3125,0.5293555579593578,3,iid,scaffold,0.90623703748009
5,0.08304995011827063,0.04674622349878368,0.11935367673775757,0.003148304238966131,0.0625,2.8404834080896455,5,iid,fltrust,0.012593216955864524
5,0.0003761046225313036,-0.011248794231923851,0.012001003476986457,0.932742501388434,0.8125,0.04017201140431114,2,dir1.0,fedavg,1.0
5,0.0023107233655268677,-0.010757308248882854,0.01537875497993659,0.6491859863666164,1.0,0.21955426015492893,3,dir1.0,fedprox,1.0
5,0.019231796204698493,-0.009588154307458387,0.04805174671685537,0.13755127906460637,0.1875,0.8285728651092946,4,dir1.0,scaffold,0.4126538371938191
5,0.24141063406527818,0.21192764503429698,0.2708936230962594,2.217552891076886e-05,0.0625,10.166909901415217,5,dir1.0,fltrust,8.870211564307544e-05
5,0.0015854073227509979,-0.0589202940922738,0.06209110873777579,0.9454974962610155,0.625,0.032534838025358385,1,dir0.5,fedavg,1.0
5,0.0028792797072774933,-0.0578538893588372,0.06361244877339219,0.901634014503298,0.8125,0.058865657897635,2,dir0.5,fedprox,1.0
5,0.003070287356864887,-0.022971772013863943,0.029112346727593715,0.7598289406704534,0.8125,0.14638877904733963,2,dir0.5,scaffold,1.0
5,0.2543220972289394,0.20980742181387138,0.29883677264400743,9.231054906339629e-05,0.0625,7.093898565639329,5,dir0.5,fltrust,0.00036924219625358515
5,-0.04407109213962125,-0.1066606537486334,0.018518469469390897,0.12225736141288351,0.1875,-0.8742909690456973,1,dir0.1,fedavg,0.3299525396629471
5,-0.041529810187237934,-0.09784098628792813,0.014781365913452263,0.10998417988764903,0.1875,-0.9157342064659386,1,dir0.1,fedprox,0.3299525396629471
5,0.03320255410597954,-0.17240854457212068,0.23881365278407973,0.6771167767214332,1.0,0.2005067642109653,3,dir0.1,scaffold,0.6771167767214332
5,0.16672014550082445,0.08816806991390709,0.24527222108774183,0.004147413051316238,0.0625,2.6353269585424424,5,dir0.1,fltrust,0.01658965220526495
5,0.0014442907311549402,-0.03523306674305003,0.03812164820535992,0.918204866950306,1.0,0.048894574945202024,2,temporal,fedavg,0.918204866950306
5,0.009054456876760538,-0.01853396536748472,0.03664287912100579,0.4137250814685161,0.625,0.4075112751149507,3,temporal,fedprox,0.8274501629370322
5,-0.07033418505859543,-0.1167110672297817,-0.023957302887409167,0.013578568186848673,0.0625,-1.8830809951367893,0,temporal,scaffold,0.05431427274739469
5,0.0342696043929149,0.010457116571276862,0.05808209221455293,0.0161878380452113,0.0625,1.7869335756133073,5,temporal,fltrust,0.05431427274739469
