scenario,seed,round,tv,w_ratio,fa_ratio,corr
dir0.5,42,10,0.06949785252726745,2.540327918433532,3.908446544595393,0.9855319005542271
dir0.5,42,50,0.12700423380780607,2.3900175563609127,3.908446544595393,0.7361977469989134
dir0.5,42,100,0.09317778521647496,2.8243712297821117,3.908446544595393,0.8935327195222769
dir0.5,43,10,0.10416313180539129,1.62642479864906,3.563245823389021,0.8225855075478701
dir0.5,43,50,0.10507215114063181,1.5802710516136274,3.563245823389021,0.6700338647038299
dir0.5,43,100,0.12339847741497294,1.3529427982290247,3.563245823389021,0.5964757867117628
dir0.5,44,10,0.10428825100457559,2.0120125428752798,2.960763520678685,0.9412598145322039
dir0.5,44,50,0.12679697315370486,1.769046808263749,2.960763520678685,0.854821249974764
dir0.5,44,100,0.11664088238124315,1.5967359879376488,2.960763520678685,0.9044978777032451
dir0.5,45,10,0.08480546217141606,1.9509614721639084,3.765472312703583,0.8459653138505692
dir0.5,45,50,0.10533819256088543,2.148135396049968,3.765472312703583,0.6669935496056749
dir0.5,45,100,0.10584554831160453,1.4850704453508479,3.765472312703583,0.6092702892760443
dir0.5,46,10,0.08556179343281853,2.7668943437417926,4.706639566395664,0.8437053935528247
dir0.5,46,50,0.13193511353351392,2.1129994970266237,4.706639566395664,0.647284695235202
dir0.5,46,100,0.14939331369718933,2.3959481516801877,4.706639566395664,0.47891917604375195
temporal,42,10,0.10930025311429527,3.428041183004512,12.950617283950617,0.9451376658057393
temporal,42,50,0.14044464651044516,2.3970505974329708,12.950617283950617,0.9696092969937232
temporal,42,100,0.13944457109560518,2.1907103239070946,12.950617283950617,0.9628965200800889
temporal,43,10,0.10885756967421034,3.5525822778252687,12.58873720136519,0.9383171462572589
temporal,43,50,0.1400751032404002,2.3871955603272426,12.58873720136519,0.9672223363139477
temporal,43,100,0.14634636165941312,2.199365552973967,12.58873720136519,0.9686227417441803
temporal,44,10,0.10882829479752348,3.564853935349181,13.14260249554367,0.9480408239301844
temporal,44,50,0.13971003762577797,2.4106012224304423,13.14260249554367,0.9699457152462994
temporal,44,100,0.14530166799256067,2.236621572587727,13.14260249554367,0.9607235062583912
temporal,45,10,0.10882518499235533,3.355295169114254,12.263333333333334,0.9492800243352217
temporal,45,50,0.1404261620389037,2.2980470223800666,12.263333333333334,0.9671069263134465
temporal,45,100,0.14458251962539814,2.19979382855452,12.263333333333334,0.9688041161166645
temporal,46,10,0.11016607577910277,3.5871017367288642,13.248648648648647,0.9413329671762029
temporal,46,50,0.14145762257773148,2.3570213536754694,13.248648648648647,0.9636029315025096
temporal,46,100,0.13526144605209345,2.2777052414099646,13.248648648648647,0.9644196051444862
iid,42,10,0.014558041361963835,1.1339132796492615,1.000299580587178,-0.21112658074917817
iid,42,50,0.0260550292655723,1.2170156005478325,1.000299580587178,0.22136368563127976
iid,42,100,0.06318283029426462,1.7324952828209188,1.000299580587178,-0.4528657528208052
iid,43,10,0.02208291417107313,1.182248058917979,1.000299580587178,0.03838756926684237
iid,43,50,0.02015123681404163,1.1530974197108528,1.000299580587178,0.16405525934200488
iid,43,100,0.07862783229991363,2.1249269964684188,1.000299580587178,-0.2650456652055372
iid,44,10,0.01175121056717679,1.1296712956434156,1.000299580587178,0.5967620573458935
iid,44,50,0.035066142108844144,1.4754953510692699,1.000299580587178,0.17822839414110553
iid,44,100,0.1424793559094653,2.593833159121334,1.000299580587178,0.3754107115523175
iid,45,10,0.01918084943563128,1.16290056891538,1.000299580587178,-0.21661418846989183
iid,45,50,0.04055756484085956,1.8443577527472164,1.000299580587178,0.18394972864483244
iid,45,100,0.05608849060684194,1.469449672339417,1.000299580587178,-0.18001018061213667
iid,46,10,0.01184048485747996,1.0942805962438402,1.000299580587178,0.09407200213085129
iid,46,50,0.03315621972271784,1.6130061885438083,1.000299580587178,0.1670688591484425
iid,46,100,0.044774458859872926,1.3828297917214072,1.000299580587178,0.08912425356977789
dir0.1,42,10,0.10005046312892373,3.387932983118862,8.555096418732782,0.9646229781210292
dir0.1,42,50,0.09995048451316976,3.3450521561525703,8.555096418732782,0.938628846302015
dir0.1,42,100,0.12632033607535115,2.8356462308204256,8.555096418732782,0.899867217684273
dir0.1,43,10,0.092696279913723,3.379176449036247,6.761957730812013,0.9333179471553744
dir0.1,43,50,0.09993383695009368,3.004349581160592,6.761957730812013,0.8818166272413261
dir0.1,43,100,0.10029084395311037,2.9644905145467764,6.761957730812013,0.8829708345535385
dir0.1,44,10,0.14209506147194712,7.783311110668507,6403.0,0.9092814293139002
dir0.1,44,50,0.13483336413819458,7.922045938001659,6403.0,0.9212789767429469
dir0.1,44,100,0.15507209695756122,7.50118023158787,6403.0,0.8911056883974805
dir0.1,45,10,0.14569761698688477,5.015055391576186,16.86635944700461,0.9410158885047943
dir0.1,45,50,0.18943614882299836,3.352212930391368,16.86635944700461,0.840151157376916
dir0.1,45,100,0.2058274382436945,3.112971509227684,16.86635944700461,0.823581972365503
dir0.1,46,10,0.06259285994051889,2.2218956083579466,3.6811594202898545,0.9314861262877634
dir0.1,46,50,0.08094087477504111,1.7177023172849255,3.6811594202898545,0.881066225654534
dir0.1,46,100,0.08377917485740272,1.8915499278929948,3.6811594202898545,0.8275226184660993
dir1.0,42,10,0.052831284707216375,1.5148497531160134,2.0638686131386863,0.8085159737339583
dir1.0,42,50,0.04463757833483645,1.4487714523162387,2.0638686131386863,0.8693938311699505
dir1.0,42,100,0.05195172773650217,1.8613436607058458,2.0638686131386863,0.8080580345862534
dir1.0,43,10,0.09164088319293223,1.5512793205942357,2.5309330628803246,0.7173575973274848
dir1.0,43,50,0.0812060447548626,1.740805215786886,2.5309330628803246,0.7891240350077021
dir1.0,43,100,0.06573876648564438,1.7498411002355068,2.5309330628803246,0.8439269907516542
dir1.0,44,10,0.0958450702049072,1.811369603301033,2.8008350730688933,0.8468031880134053
dir1.0,44,50,0.08236369233236844,1.5889320942984415,2.8008350730688933,0.7328226049214289
dir1.0,44,100,0.09264155268019053,1.643549086212498,2.8008350730688933,0.7385784531730352
dir1.0,45,10,0.0612107359361586,1.5002194785224632,1.7459052678176183,0.4653760216046161
dir1.0,45,50,0.05370950340460103,1.3688221664299633,1.7459052678176183,0.331294886517266
dir1.0,45,100,0.060821617407246314,1.3987387280211152,1.7459052678176183,0.3587890109554054
dir1.0,46,10,0.050259392040982405,1.6666288412513786,2.0094223678820153,0.8875527729722336
dir1.0,46,50,0.0924051833959331,1.5615404467337655,2.0094223678820153,0.42741420291625926
dir1.0,46,100,0.08036336426080469,2.9506079790164463,2.0094223678820153,0.6939734129085148
