model,seed,macro_f1,accuracy,per_class_f1
majority,42,0.012651821862348178,0.1048364551299972,"{""Benign"": 0.1898, ""Bot"": 0.0, ""Brute Force -Web"": 0.0, ""Brute Force -XSS"": 0.0, ""DDOS attack-HOIC"": 0.0, ""DDOS attack-LOIC-UDP"": 0.0, ""DDoS attacks-LOIC-HTTP"": 0.0, ""DoS attacks-GoldenEye"": 0.0, ""DoS attacks-Hulk"": 0.0, ""DoS attacks-SlowHTTPTest"": 0.0, ""DoS attacks-Slowloris"": 0.0, ""FTP-BruteForce"": 0.0, ""Infilteration"": 0.0, ""SQL Injection"": 0.0, ""SSH-Bruteforce"": 0.0}"
central_cnn,42,0.5558723109008323,0.8245736650824713,"{""Benign"": 0.635, ""Bot"": 0.88, ""Brute Force -Web"": 0.0, ""Brute Force -XSS"": 0.0, ""DDOS attack-HOIC"": 0.8651, ""DDOS attack-LOIC-UDP"": 0.9923, ""DDoS attacks-LOIC-HTTP"": 0.9919, ""DoS attacks-GoldenEye"": 0.8433, ""DoS attacks-Hulk"": 0.9739, ""DoS attacks-SlowHTTPTest"": 0.0, ""DoS attacks-Slowloris"": 0.9762, ""FTP-BruteForce"": 0.0, ""Infilteration"": 0.3247, ""SQL Injection"": 0.0, ""SSH-Bruteforce"": 0.8557}"
central_hgb,42,0.7713488174879165,0.9292703382722952,"{""Benign"": 0.6478, ""Bot"": 0.9993, ""Brute Force -Web"": 0.8256, ""Brute Force -XSS"": 0.6914, ""DDOS attack-HOIC"": 0.9993, ""DDOS attack-LOIC-UDP"": 0.9962, ""DDoS attacks-LOIC-HTTP"": 0.9967, ""DoS attacks-GoldenEye"": 0.996, ""DoS attacks-Hulk"": 0.996, ""DoS attacks-SlowHTTPTest"": 0.0, ""DoS attacks-Slowloris"": 0.9953, ""FTP-BruteForce"": 0.3636, ""Infilteration"": 0.7534, ""SQL Injection"": 0.3137, ""SSH-Bruteforce"": 0.996}"
majority,43,0.012651821862348178,0.1048364551299972,"{""Benign"": 0.1898, ""Bot"": 0.0, ""Brute Force -Web"": 0.0, ""Brute Force -XSS"": 0.0, ""DDOS attack-HOIC"": 0.0, ""DDOS attack-LOIC-UDP"": 0.0, ""DDoS attacks-LOIC-HTTP"": 0.0, ""DoS attacks-GoldenEye"": 0.0, ""DoS attacks-Hulk"": 0.0, ""DoS attacks-SlowHTTPTest"": 0.0, ""DoS attacks-Slowloris"": 0.0, ""FTP-BruteForce"": 0.0, ""Infilteration"": 0.0, ""SQL Injection"": 0.0, ""SSH-Bruteforce"": 0.0}"
central_cnn,43,0.5672970553556929,0.7344143136706738,"{""Benign"": 0.5441, ""Bot"": 0.9614, ""Brute Force -Web"": 0.679, ""Brute Force -XSS"": 0.6545, ""DDOS attack-HOIC"": 0.5045, ""DDOS attack-LOIC-UDP"": 0.9903, ""DDoS attacks-LOIC-HTTP"": 0.7188, ""DoS attacks-GoldenEye"": 0.6809, ""DoS attacks-Hulk"": 0.1202, ""DoS attacks-SlowHTTPTest"": 0.0, ""DoS attacks-Slowloris"": 0.9757, ""FTP-BruteForce"": 0.0, ""Infilteration"": 0.6807, ""SQL Injection"": 0.0, ""SSH-Bruteforce"": 0.9993}"
central_hgb,43,0.8076625575820667,0.9331842325971484,"{""Benign"": 0.6499, ""Bot"": 0.9973, ""Brute Force -Web"": 0.8834, ""Brute Force -XSS"": 0.7342, ""DDOS attack-HOIC"": 1.0, ""DDOS attack-LOIC-UDP"": 0.9962, ""DDoS attacks-LOIC-HTTP"": 0.9967, ""DoS attacks-GoldenEye"": 0.9993, ""DoS attacks-Hulk"": 0.9987, ""DoS attacks-SlowHTTPTest"": 0.5385, ""DoS attacks-Slowloris"": 0.9967, ""FTP-BruteForce"": 0.0, ""Infilteration"": 0.7547, ""SQL Injection"": 0.5714, ""SSH-Bruteforce"": 0.998}"
majority,44,0.012651821862348178,0.1048364551299972,"{""Benign"": 0.1898, ""Bot"": 0.0, ""Brute Force -Web"": 0.0, ""Brute Force -XSS"": 0.0, ""DDOS attack-HOIC"": 0.0, ""DDOS attack-LOIC-UDP"": 0.0, ""DDoS attacks-LOIC-HTTP"": 0.0, ""DoS attacks-GoldenEye"": 0.0, ""DoS attacks-Hulk"": 0.0, ""DoS attacks-SlowHTTPTest"": 0.0, ""DoS attacks-Slowloris"": 0.0, ""FTP-BruteForce"": 0.0, ""Infilteration"": 0.0, ""SQL Injection"": 0.0, ""SSH-Bruteforce"": 0.0}"
central_cnn,44,0.7026813498950547,0.9113782499301091,"{""Benign"": 0.6375, ""Bot"": 0.996, ""Brute Force -Web"": 0.759, ""Brute Force -XSS"": 0.5714, ""DDOS attack-HOIC"": 0.9967, ""DDOS attack-LOIC-UDP"": 0.9942, ""DDoS attacks-LOIC-HTTP"": 0.994, ""DoS attacks-GoldenEye"": 0.9791, ""DoS attacks-Hulk"": 0.9796, ""DoS attacks-SlowHTTPTest"": 0.0, ""DoS attacks-Slowloris"": 0.9765, ""FTP-BruteForce"": 0.0, ""Infilteration"": 0.6574, ""SQL Injection"": 0.0, ""SSH-Bruteforce"": 0.9987}"
central_hgb,44,0.7627847561603966,0.9334637964774951,"{""Benign"": 0.6756, ""Bot"": 0.996, ""Brute Force -Web"": 0.8333, ""Brute Force -XSS"": 0.7429, ""DDOS attack-HOIC"": 0.9993, ""DDOS attack-LOIC-UDP"": 1.0, ""DDoS attacks-LOIC-HTTP"": 0.9993, ""DoS attacks-GoldenEye"": 0.998, ""DoS attacks-Hulk"": 1.0, ""DoS attacks-SlowHTTPTest"": 0.0, ""DoS attacks-Slowloris"": 0.996, ""FTP-BruteForce"": 0.1, ""Infilteration"": 0.7549, ""SQL Injection"": 0.3478, ""SSH-Bruteforce"": 0.9987}"
majority,45,0.012651821862348178,0.1048364551299972,"{""Benign"": 0.1898, ""Bot"": 0.0, ""Brute Force -Web"": 0.0, ""Brute Force -XSS"": 0.0, ""DDOS attack-HOIC"": 0.0, ""DDOS attack-LOIC-UDP"": 0.0, ""DDoS attacks-LOIC-HTTP"": 0.0, ""DoS attacks-GoldenEye"": 0.0, ""DoS attacks-Hulk"": 0.0, ""DoS attacks-SlowHTTPTest"": 0.0, ""DoS attacks-Slowloris"": 0.0, ""FTP-BruteForce"": 0.0, ""Infilteration"": 0.0, ""SQL Injection"": 0.0, ""SSH-Bruteforce"": 0.0}"
central_cnn,45,0.7123844565811324,0.9112384679899357,"{""Benign"": 0.5707, ""Bot"": 0.9947, ""Brute Force -Web"": 0.7087, ""Brute Force -XSS"": 0.64, ""DDOS attack-HOIC"": 0.9836, ""DDOS attack-LOIC-UDP"": 0.9903, ""DDoS attacks-LOIC-HTTP"": 0.998, ""DoS attacks-GoldenEye"": 0.9934, ""DoS attacks-Hulk"": 0.9888, ""DoS attacks-SlowHTTPTest"": 0.0, ""DoS attacks-Slowloris"": 0.9816, ""FTP-BruteForce"": 0.0, ""Infilteration"": 0.6861, ""SQL Injection"": 0.1538, ""SSH-Bruteforce"": 0.996}"
central_hgb,45,0.7486203839313472,0.9284316466312552,"{""Benign"": 0.6352, ""Bot"": 0.996, ""Brute Force -Web"": 0.8144, ""Brute Force -XSS"": 0.5517, ""DDOS attack-HOIC"": 0.9973, ""DDOS attack-LOIC-UDP"": 1.0, ""DDoS attacks-LOIC-HTTP"": 0.9973, ""DoS attacks-GoldenEye"": 0.998, ""DoS attacks-Hulk"": 0.998, ""DoS attacks-SlowHTTPTest"": 0.0, ""DoS attacks-Slowloris"": 0.9967, ""FTP-BruteForce"": 0.0, ""Infilteration"": 0.7526, ""SQL Injection"": 0.5, ""SSH-Bruteforce"": 0.992}"
majority,46,0.012651821862348178,0.1048364551299972,"{""Benign"": 0.1898, ""Bot"": 0.0, ""Brute Force -Web"": 0.0, ""Brute Force -XSS"": 0.0, ""DDOS attack-HOIC"": 0.0, ""DDOS attack-LOIC-UDP"": 0.0, ""DDoS attacks-LOIC-HTTP"": 0.0, ""DoS attacks-GoldenEye"": 0.0, ""DoS attacks-Hulk"": 0.0, ""DoS attacks-SlowHTTPTest"": 0.0, ""DoS attacks-Slowloris"": 0.0, ""FTP-BruteForce"": 0.0, ""Infilteration"": 0.0, ""SQL Injection"": 0.0, ""SSH-Bruteforce"": 0.0}"
central_cnn,46,0.6890294938968518,0.899916130835896,"{""Benign"": 0.6896, ""Bot"": 0.9887, ""Brute Force -Web"": 0.7383, ""Brute Force -XSS"": 0.6, ""DDOS attack-HOIC"": 0.9728, ""DDOS attack-LOIC-UDP"": 0.9922, ""DDoS attacks-LOIC-HTTP"": 0.9881, ""DoS attacks-GoldenEye"": 0.9894, ""DoS attacks-Hulk"": 0.9875, ""DoS attacks-SlowHTTPTest"": 0.0, ""DoS attacks-Slowloris"": 0.9835, ""FTP-BruteForce"": 0.0, ""Infilteration"": 0.4082, ""SQL Injection"": 0.0, ""SSH-Bruteforce"": 0.9973}"
central_hgb,46,0.8085076940963805,0.9351411797595751,"{""Benign"": 0.6683, ""Bot"": 0.9973, ""Brute Force -Web"": 0.838, ""Brute Force -XSS"": 0.7761, ""DDOS attack-HOIC"": 0.998, ""DDOS attack-LOIC-UDP"": 0.9981, ""DDoS attacks-LOIC-HTTP"": 0.9987, ""DoS attacks-GoldenEye"": 0.9987, ""DoS attacks-Hulk"": 0.9993, ""DoS attacks-SlowHTTPTest"": 0.5185, ""DoS attacks-Slowloris"": 0.9953, ""FTP-BruteForce"": 0.0, ""Infilteration"": 0.7613, ""SQL Injection"": 0.5833, ""SSH-Bruteforce"": 0.9967}"
